closest_prior_work,domain,what_it_does,our_difference,novelty_boundary
"Rock 1997 (E&B)","building simulation × DST","residential DST simulation","we span ST/DST/constrained-adaptive schedules + RC-vs-degree-hour structure","structural-sensitivity + SAS is new, not the DST-simulation idea"
"Krarti & Hajiah 2011","building simulation × DST","Kuwait building energy under DST","our model decomposes channels and tests thermal inertia","we do not claim first building simulation"
"Bellia et al. 2021","lighting × DST (offices)","lighting + biological clock office study","we cover whole-household end uses + thermal dynamics","their biological-clock channel is orthogonal"
"Aries & Newsham 2008","lighting review","DST lighting-energy review","we add HVAC + thermal inertia + scheduling optimization",""
"Kotchen & Grant 2011","DST natural experiment","Indiana +1% residential","we benchmark against it; direction matched, magnitude not","no causal claim over theirs"
"Kellogg & Wolff 2008","DST natural experiment","Australia intraday reshaping","we reproduce reshaping qualitatively in load-shape metrics",""
"Havranek et al. 2018","meta-analysis","0.34% mean, latitude gradient","our sign-heterogeneity brackets their estimate","we do not claim a better estimate"
"Guven et al. 2021","weather×DST empirics","AC/weather conditioning","we provide the mechanism-side building model","complementary, not competing"
"Jensen et al. 2017 (Annex 67)","building flexibility definitions","energy-flexible buildings framing","we quantify a behavioral/timing channel they scope","we extend scope, not definitions"
"Kathirgamanathan et al. 2021","predictive control flexibility","data-driven control review","we hold controls fixed and move the schedule","orthogonal lever"
"Yan et al. 2017 (Annex 66); Page 2008","occupant behavior models","stochastic presence/behavior schemas","we treat schedule as the intervention variable","schedule-as-resource framing is our angle"
"Bacher & Madsen 2011; Foucquier 2013","RC/reduced-order modeling","identification and review of building thermal models","we contrast DH vs RC structural outcomes for the same intervention","model-structure sensitivity result"
"Wan et al. 2011 (B&E)","climate×building loads","future heating/cooling load trends","we test bounded sign reversal under warming","reversal-band, not trend projection"
"Davis & Gertler 2015","AC adoption × climate","future AC-driven demand growth","we test schedule-shift × AC interaction",""
"SAS literature (unequal hours, Dohrn-van Rossum)","timekeeping history","seasonal/unequal hours precedent","constraint-primary optimization formulation with disruption caps","not identical to unequal hours; stated in text"
Likely defensible contribution,"E&B-facing","—","unified ST/DST/constrained-adaptive-scheduling comparison showing activity-timing flexibility is small and strongly dependent on thermal-model structure and behavioral constraints","no 'first' claims made anywhere"
