manuscript_section,manuscript_sentence_or_claim,citation_key,source_verified_yes_no,source_type,what_source_actually_reports,claim_fully_supported_yes_no,problem_type,required_action,final_action_taken
1 Introduction,"temporal placement of occupant activity is a first-order determinant of building energy demand",Yan et al. 2017,yes,IEA EBC Annex synthesis,"Annex 66 defines occupant behavior simulation; documents that occupant actions drive building energy use",yes,correct,,none
1 Introduction,"occupant schedules are stochastic inputs whose representation changes simulated energy use",Page et al. 2008,yes,primary (E&B),"stochastic occupant presence model calibrated on observed data; presence varies",yes,correct,,none
1 Introduction,"building energy flexibility anchored in DR and smart-grid operation",Jensen 2017; Kathirgamanathan 2021; Siano 2014; Albadi 2008,yes,reviews/synthesis,"Annex 67 defines energy-flexible buildings; Kathirgamanathan reviews predictive control for flexibility; Siano/Albadi survey DR",yes,correct,,none
1 Introduction,"~1% increase in residential electricity in Indiana",Kotchen & Grant 2011,yes,primary,"natural experiment: +1% residential electricity from DST, driven by heating/cooling; residential only",yes,correct,,claim kept narrow (residential electricity)
1 Introduction,"no net change but large intraday shift in Australia",Kellogg & Wolff 2008,yes,primary,"2000 Sydney Olympics DST extension: no significant energy savings; morning/evening load reshuffle",yes,correct,,none
1 Introduction,"meta-analytic mean saving 0.34% on DST days decreasing toward equator",Havranek et al. 2018,yes,meta-analysis,"mean effect -0.34% electricity on DST days; latitude gradient reported",yes,correct,,estimand preserved ("on DST days")
1 Introduction,"mixed sign country studies Turkey/Spain/Chile/UK/US-extended",Karasu; Lopez; Verdejo; Hill; Belzer,yes,primary,"Turkey: DST options affect electricity; Spain: lighting daylight effect; Chile: DST saved residential electricity in that design; UK: clock changes affect consumption; US DOE 2008: small EDST saving (~0.02-0.5%)",yes,correct,,Belzer framed as "extended-DST episode" not magnitude
1 Introduction,"effect conditioned by weather and AC penetration",Guven et al. 2021,yes,primary,"heterogeneous DST effects by weather; AC ownership amplifies warming effect",yes,correct,,none
1 Introduction,"recent hourly-load evidence from Iran reports weather conditioning",Rafati & Jadidzadeh 2026,yes,primary,"hourly load analysis Iran; DST effect depends on temperature/weather",yes,correct,,none
1 Introduction,"LED collapsed the lighting share",Elliott et al. 2019,yes,DOE report,"SSL forecast: lighting share of electricity declining sharply with LED adoption",yes,correct,,none
1 Introduction,"AC diffusion made cooling the marginal load in many climates",Davis & Gertler 2015; IEA 2018,yes,primary + agency report,"AC adoption raises future electricity demand substantially; IEA documents AC growth",yes,correct,,none
1 Introduction,"hourly grid CI varies strongly with solar penetration; average vs marginal",de Chalendar; Hawkes; Siler-Evans,yes,primary,"hourly/system emissions tracking; marginal vs average emission factors distinction",yes,correct,,none
1 Introduction,"building-level DST simulations find lighting-HVAC trade-offs",Aries & Newsham; Rock; Krarti & Hajiah; Bellia,yes,review + primary,"lighting-energy DST review; Rock residential simulation; Krarti Kuwait buildings; Bellia office lighting+biological clock",yes,correct,,none
1 Introduction,"thermal state does not follow schedule instantly (thermal inertia)",Bacher & Madsen 2011; Foucquier 2013,yes,primary + review,"grey-box RC identification of building heat dynamics; review of building energy modeling",yes,correct,,none
1 Introduction,"unequal hours historical precedent",Dohrn-van Rossum 1996,yes,book (no DOI),"history of unequal/seasonal hours before standardized time",yes,correct,,none
2 Methods,"NOAA solar position equations; ~1min sunrise accuracy",Reda & Andreas 2004,yes,primary,"solar position algorithm, high accuracy",yes,correct,,NOAA provenance (Reda&Andreas=NREL/NOAA algorithm source) documented
2 Methods,"ERA5-based reanalysis, CC-BY 4.0",Hersbach 2020; Zippenfenig 2024,yes,primary + dataset,"ERA5 reanalysis; Open-Meteo weather API (Zenodo record, DOI resolves via DataCite not Crossref)",yes,correct,,Open-Meteo DOI verified resolvable (zenodo.org/records/14582479)
2 Methods,"RECS 2020 anchor",US EIA RECS,yes,dataset doc (no DOI),"residential consumption survey household totals",yes,correct,,URL kept
2 Methods,"EIA-930 three balancing authorities",US EIA EIA-930,yes,dataset doc (no DOI),"hourly grid monitor generation by BA",yes,correct,,URL kept
2 Methods,"standard combustion emission factors",IPCC 2006,yes,guideline (no DOI),"stationary combustion default emission factors",yes,correct,,none
3 Results,"0.34% bracketed by model range",Havranek,yes,meta-analysis,as above,yes,correct,,none
3 Results,"Indiana direction correct, magnitude not reproduced",Kotchen & Grant,yes,primary,"+1% observed; model reaches +0.13-0.57%",yes,correct,,magnitude gap explicitly stated
3 Results,"intraday reshaping consistent with Australia",Kellogg & Wolff,yes,primary,"Kellogg-Wolff report morning/evening load shift without net savings",yes,correct,,none
4 Discussion,"AC-driven growth of climate sensitivity",Davis & Gertler; Auffhammer & Mansur,yes,primary + review,"A&M review climate impacts on energy consumption empirics",yes,correct,,none
All,"mechanism claims limited to modeled demand-side channels",—,n/a,n/a,"no citation used for stronger claim than supported; review refs only where synthesis is claimed",yes,correct,,none
