citation,doi_url,region,study_years,design,outcome,estimate,context,limitations,role
"Kotchen & Grant (2011) Does Daylight Saving Time Save Energy? Evidence from a Natural Experiment in Indiana. Rev Econ Stat 93(4):1172-1185","10.1162/rest_a_00131","Indiana, USA","2004-2006","Natural experiment, monthly household billing, diff-in-diff","Residential electricity","+1.0% overall; +2-4% in fall","Mid-latitude, rising AC prevalence, pre-LED","Residential only; monthly (not hourly) resolution","Key validation target: hot/high-AC DST can increase energy"
"Kellogg & Wolff (2008) Daylight time and energy: Evidence from an Australian experiment. JEEM 56(3):207-220","10.1016/j.jeem.2008.02.003","Victoria vs South Australia","2000","Quasi-experiment (Olympics DST extension), triple-diff","Electricity demand","No overall change; large intraday shift","Temperate maritime, ~37 degS","Single event; half-hourly state aggregates","Validation: activity follows clock not sun; peak timing shifts"
"Havranek, Herman & Irsova (2018) Does Daylight Saving Save Electricity? A Meta-Analysis. Energy J 39(2):35-61","10.5547/01956574.39.2.thav","Global (44 studies, 162 estimates)","up to 2017","Meta-analysis + Bayesian model averaging","Electricity savings during DST days","Mean 0.34% savings; savings grow with latitude; subtropics consume more","Mixed eras/tech","Reported-study heterogeneity","Validation: sign reversal at low latitudes is a documented empirical pattern"
"Aries & Newsham (2008) Effect of daylight saving time on lighting energy use: A literature review. Energy Policy 36(6):1858-1866","10.1016/j.enpol.2007.05.021","Global review","1970s-2008","Narrative literature review","Lighting/total electricity","~0.5% national electricity reduction estimates; evening peak down, morning up","Mostly pre-LED","Review of heterogeneous studies","Validation bounds + motivation (tech change since studies)"
"Belzer, Hadley & Chin (2008) Impact of Extended Daylight Saving Time on National Energy Consumption. US DOE Report to Congress","10.2172/949762","USA","2007 extension","Statistical analysis of daily utility data","Total electricity","~0.5% savings during extended-DST days (~0.03% annual)","US aggregate, pre-LED transition","Aggregate data, short extension window","Validation: small positive savings achievable in US-2007 context"
"Hill, Desobry, Garnsey & Chong (2010) The impact on energy consumption of daylight saving clock changes. Energy Policy 38(9):4955-4965","10.1016/j.enpol.2010.03.079","United Kingdom","2001-2007","Regression on half-hourly national demand","Electricity","Small savings; strong clock-tied demand structure","High latitude maritime (51-58N)","National aggregate","Validation at high latitude"
"Verdejo, Becker, Echiburu, Escudero & Fucks (2016) Impact of daylight saving time on the Chilean residential consumption. Energy Policy 88:456-464","10.1016/j.enpol.2015.10.051","Chile","2010s","Heuristic + econometric residential analysis","Residential electricity","Marginally small reduction; regionally heterogeneous","Southern hemisphere, diverse climates (26-45S)","Residential focus","SH validation; regional heterogeneity"
"Rock (1997) Impact of daylight saving time on residential energy consumption and cost. Energy and Buildings 25(1):63-68","10.1016/S0378-7788(96)00990-5","USA (simulation)","1997","Building energy simulation","Residential energy","Small effects; lighting vs HVAC trade-off","Pre-LED, lower AC than today","Simulation only","Simulation precedent: component trade-off framing"
"Belliantonia? no — Bellia, Acosta, Campano & Fragliasso (2021) Impact of DST on lighting energy consumption and biological clock for occupants in office buildings. Solar Energy 214:164-175","10.1016/j.solener.2020.10.072","Italy (simulation+survey)","2020","Office building lighting simulation","Office lighting","DST reduces lighting use; biological clock effects flagged","Office sector","Office only","Closest prior work on sector-specific DST-lighting simulation"
"Mirasgedis et al. (2007) daylight saving energy Greece / European studies (multiple)","n/a (reported in Havranek meta-analysis)","Southern Europe","various","Empirical","Electricity","Negative to neutral in subtropics","Warm, evening-activity climates","-","Supports latitude-dependent sign reversal"
"US DOT (1975) evaluation of DST energy savings (report to Congress)","report","USA","1974-75","Before/after comparison","Electricity","~1% savings claim","Low AC prevalence era","Aggregate, oil-crisis confound","Historical-regime benchmark (lighting-dominated era)"
