candidate,authors,year,venue,doi_or_source,closest_work_type,status,inserted_as
Turkey DST options,Karasu,2010,Energy 35(9),10.1016/j.energy.2010.05.027,country empiric,inserted,[4]
Spain daylight effect,Lopez,2020,Energy Policy 140,10.1016/j.enpol.2020.111419,country empiric,inserted,[5]
Chile residential DST,Verdejo et al.,2016,Energy Policy 88,10.1016/j.enpol.2015.10.051,country empiric,inserted,[6]
UK clock changes,Hill et al.,2010,Energy Policy 38(9),10.1016/j.enpol.2010.03.079,country empiric,inserted,[7]
US extended DST,Belzer et al.,2008,US DOE report,10.2172/949762,policy empiric,inserted,[8]
AC-weather conditioned DST,Guven et al.,2021,Energy Economics 98,10.1016/j.eneco.2021.105216,closest prior work,inserted,[9]
Iran hourly DST (weather-conditioned),Rafati Sahneh Saraei & Jadidzadeh,2026,Energy Economics 163,10.1016/j.eneco.2026.109605,closest prior work,inserted,[10]
Demand response survey,Siano,2014,RSER 30,10.1016/j.rser.2013.10.022,context,inserted,[11]
DR in electricity markets,Albadi & El-Saadany,2008,EPSR 78(11),10.1016/j.epsr.2008.04.002,context,inserted,[12]
SSL lighting forecast,US DOE (Elliott et al.),2019,DOE report,10.2172/1607661,context,inserted,[13]
AC adoption & warming,Davis & Gertler,2015,PNAS 112(19),10.1073/pnas.1423558112,context,inserted,[14]
Future of Cooling,IEA,2018,IEA report,10.1787/9789264301993-en,context,inserted,[15]
US grid emissions tracking,de Chalendar et al.,2019,PNAS 116(51),10.1073/pnas.1912950116,context,inserted,[16]
Marginal CO2 factors,Hawkes,2010,Energy Policy 38(10),10.1016/j.enpol.2010.05.053,method context,inserted,[17]
US marginal emissions factors,Siler-Evans et al.,2012,ES&T 46(9),10.1021/es300145v,method context,inserted,[18]
DST lighting review,Aries & Newsham,2008,Energy Policy 36(6),10.1016/j.enpol.2007.05.021,mechanism review,inserted,[19]
Residential DST sim,Rock,1997,Energy & Buildings 25(1),10.1016/S0378-7788(96)00990-5,simulation precedent,inserted,[20]
Kuwait DST building sim,Krarti & Hajiah,2011,Energy Policy 39(5),10.1016/j.enpol.2011.01.046,closest prior work (mandatory),inserted,[21]
Office DST lighting/biological,Bellia et al.,2021,Solar Energy 214,10.1016/j.solener.2020.10.072,simulation precedent,inserted,[22]
Unequal hours history,Dohrn-van Rossum,1996,book,U Chicago Press,concept context,inserted,[23]
Solar position algorithm,Reda & Andreas,2004,Solar Energy 76(5),10.1016/j.solener.2003.12.003,data/method,inserted,[24]
ERA5 reanalysis,Hersbach et al.,2020,QJRMS 146,10.1002/qj.3803,data/method,inserted,[25]
Open-Meteo API,Zippenfenig,2024,Zenodo,10.5281/zenodo.14582479,data/method,inserted,[26]
Building thermal modeling review,Foucquier et al.,2013,RSER 23,10.1016/j.rser.2013.03.004,method context,inserted,[27]
RECS 2020,US EIA,2023,data product,eia.gov/consumption/residential,data/method,inserted,[28]
EIA-930 grid monitor,US EIA,2024,data product,eia.gov/electricity/gridmonitor,data/method,inserted,[29]
IPCC 2006 Guidelines Vol.2,IPCC,2006,guideline,iges.or.jp,method context,inserted,[30]
Climate-energy review,Auffhammer & Mansur,2014,Energy Economics 46,10.1016/j.eneco.2014.04.017,context,inserted,[31]
~2025 DST review,searched,-,-,-,none found in Crossref beyond 2018 meta,not applicable,-
W. Australia DST,-,-,-,-,no standalone energy study distinct from [2] located,not applicable,-
