variant,max_shift,dE_pct
daily,0.0,0.0
daily,0.5,-0.054
daily,1.0,-0.103
daily,1.5,-0.198
daily,2.0,-0.225
daily,3.0,-0.31
daily,4.0,-0.383
monthly,0.0,0.0
monthly,0.5,-0.048
monthly,1.0,-0.088
monthly,1.5,-0.182
monthly,2.0,-0.207
monthly,3.0,-0.289
monthly,4.0,-0.358
seasonal,0.0,0.0
seasonal,0.5,0.023
seasonal,1.0,-0.012
seasonal,1.5,-0.088
seasonal,2.0,-0.11
seasonal,3.0,-0.175
seasonal,4.0,-0.231
threshold,0.0,0.0
threshold,0.5,-0.049
threshold,1.0,-0.102
threshold,1.5,-0.197
threshold,2.0,-0.224
threshold,3.0,-0.308
threshold,4.0,-0.381
