url,params,path,sha,nbytes,license,fetched_utc
https://archive-api.open-meteo.com/v1/archive?latitude=1.35&longitude=103.8&start_date=2023-01-01&end_date=2023-12-31&hourly=temperature_2m&timezone=GMT,"{'latitude': 1.35, 'longitude': 103.8, 'start_date': '2023-01-01', 'end_date': '2023-12-31', 'hourly': 'temperature_2m', 'timezone': 'GMT'}",/home/ubuntu/repos/wip/dst_sas_energy/simulations/../src/climate/../../data/raw/openmeteo/lat+1.35_lon+103.80_2023-01-01_2023-12-31.json,838353d5b467572b84d3032886810481e6384541091bd96c91fc061c28f2766a,210506,CC-BY 4.0 Open-Meteo (ECMWF ERA5-based reanalysis),2026-09-24T05:50:51.947011Z
https://archive-api.open-meteo.com/v1/archive?latitude=25.8&longitude=-80.2&start_date=2023-01-01&end_date=2023-12-31&hourly=temperature_2m&timezone=GMT,"{'latitude': 25.8, 'longitude': -80.2, 'start_date': '2023-01-01', 'end_date': '2023-12-31', 'hourly': 'temperature_2m', 'timezone': 'GMT'}",/home/ubuntu/repos/wip/dst_sas_energy/simulations/../src/climate/../../data/raw/openmeteo/lat+25.80_lon-80.20_2023-01-01_2023-12-31.json,d4c2e1cd9981c8072fcbe078066586ba8fc38bfbc75366e1d703c29db0bccb60,210482,CC-BY 4.0 Open-Meteo (ECMWF ERA5-based reanalysis),2026-09-24T05:50:52.890289Z
https://archive-api.open-meteo.com/v1/archive?latitude=-33.9&longitude=151.2&start_date=2023-01-01&end_date=2023-12-31&hourly=temperature_2m&timezone=GMT,"{'latitude': -33.9, 'longitude': 151.2, 'start_date': '2023-01-01', 'end_date': '2023-12-31', 'hourly': 'temperature_2m', 'timezone': 'GMT'}",/home/ubuntu/repos/wip/dst_sas_energy/simulations/../src/climate/../../data/raw/openmeteo/lat-33.90_lon+151.20_2023-01-01_2023-12-31.json,64debce3a221143671be2b1dd1635442d5ceffdd043caf3f621c8c15ea7b39e8,209687,CC-BY 4.0 Open-Meteo (ECMWF ERA5-based reanalysis),2026-09-24T05:50:53.891692Z
https://archive-api.open-meteo.com/v1/archive?latitude=35.7&longitude=139.7&start_date=2023-01-01&end_date=2023-12-31&hourly=temperature_2m&timezone=GMT,"{'latitude': 35.7, 'longitude': 139.7, 'start_date': '2023-01-01', 'end_date': '2023-12-31', 'hourly': 'temperature_2m', 'timezone': 'GMT'}",/home/ubuntu/repos/wip/dst_sas_energy/simulations/../src/climate/../../data/raw/openmeteo/lat+35.70_lon+139.70_2023-01-01_2023-12-31.json,6544717f63af07b6f7b5e565cda1673e8a5d1d7d9af98c03e415811c0e632613,208369,CC-BY 4.0 Open-Meteo (ECMWF ERA5-based reanalysis),2026-09-24T05:50:54.842641Z
https://archive-api.open-meteo.com/v1/archive?latitude=33.4&longitude=-112.1&start_date=2023-01-01&end_date=2023-12-31&hourly=temperature_2m&timezone=GMT,"{'latitude': 33.4, 'longitude': -112.1, 'start_date': '2023-01-01', 'end_date': '2023-12-31', 'hourly': 'temperature_2m', 'timezone': 'GMT'}",/home/ubuntu/repos/wip/dst_sas_energy/simulations/../src/climate/../../data/raw/openmeteo/lat+33.40_lon-112.10_2023-01-01_2023-12-31.json,34fd1a4a316e5ef0f950b83354384e7cea3188b427cd769607610b624a585212,209528,CC-BY 4.0 Open-Meteo (ECMWF ERA5-based reanalysis),2026-09-24T05:50:55.817338Z
https://archive-api.open-meteo.com/v1/archive?latitude=52.5&longitude=13.4&start_date=2023-01-01&end_date=2023-12-31&hourly=temperature_2m&timezone=GMT,"{'latitude': 52.5, 'longitude': 13.4, 'start_date': '2023-01-01', 'end_date': '2023-12-31', 'hourly': 'temperature_2m', 'timezone': 'GMT'}",/home/ubuntu/repos/wip/dst_sas_energy/simulations/../src/climate/../../data/raw/openmeteo/lat+52.50_lon+13.40_2023-01-01_2023-12-31.json,223dec5578ed906155b2bc2e9f9176068b8c0faf29304e02cee34d73b3ad8516,207026,CC-BY 4.0 Open-Meteo (ECMWF ERA5-based reanalysis),2026-09-24T05:50:56.763556Z
https://archive-api.open-meteo.com/v1/archive?latitude=59.9&longitude=10.7&start_date=2023-01-01&end_date=2023-12-31&hourly=temperature_2m&timezone=GMT,"{'latitude': 59.9, 'longitude': 10.7, 'start_date': '2023-01-01', 'end_date': '2023-12-31', 'hourly': 'temperature_2m', 'timezone': 'GMT'}",/home/ubuntu/repos/wip/dst_sas_energy/simulations/../src/climate/../../data/raw/openmeteo/lat+59.90_lon+10.70_2023-01-01_2023-12-31.json,d657b91ff8a3c2851563f195d7b3d6013f9ebc58135cbffe54ade01512a64ce4,207809,CC-BY 4.0 Open-Meteo (ECMWF ERA5-based reanalysis),2026-09-24T05:50:57.762506Z
https://archive-api.open-meteo.com/v1/archive?latitude=-33.5&longitude=-70.7&start_date=2023-01-01&end_date=2023-12-31&hourly=temperature_2m&timezone=GMT,"{'latitude': -33.5, 'longitude': -70.7, 'start_date': '2023-01-01', 'end_date': '2023-12-31', 'hourly': 'temperature_2m', 'timezone': 'GMT'}",/home/ubuntu/repos/wip/dst_sas_energy/simulations/../src/climate/../../data/raw/openmeteo/lat-33.50_lon-70.70_2023-01-01_2023-12-31.json,bad6c4ce1364c6017aeee079e0343fe93696b8cbb2656942e696d332b9735908,209360,CC-BY 4.0 Open-Meteo (ECMWF ERA5-based reanalysis),2026-09-24T05:50:58.701955Z
https://archive-api.open-meteo.com/v1/archive?latitude=51.5&longitude=-0.1&start_date=2023-01-01&end_date=2023-12-31&hourly=temperature_2m&timezone=GMT,"{'latitude': 51.5, 'longitude': -0.1, 'start_date': '2023-01-01', 'end_date': '2023-12-31', 'hourly': 'temperature_2m', 'timezone': 'GMT'}",/home/ubuntu/repos/wip/dst_sas_energy/simulations/../src/climate/../../data/raw/openmeteo/lat+51.50_lon-0.10_2023-01-01_2023-12-31.json,e46ac90ea854ebce919c5fe5a8faa59889bf959e7347b070b5009e3e8fd06628,207250,CC-BY 4.0 Open-Meteo (ECMWF ERA5-based reanalysis),2026-09-24T05:50:59.698793Z
https://archive-api.open-meteo.com/v1/archive?latitude=55.8&longitude=37.6&start_date=2023-01-01&end_date=2023-12-31&hourly=temperature_2m&timezone=GMT,"{'latitude': 55.8, 'longitude': 37.6, 'start_date': '2023-01-01', 'end_date': '2023-12-31', 'hourly': 'temperature_2m', 'timezone': 'GMT'}",/home/ubuntu/repos/wip/dst_sas_energy/simulations/../src/climate/../../data/raw/openmeteo/lat+55.80_lon+37.60_2023-01-01_2023-12-31.json,2f4b214eb8ec7fbc5c2649f8ec90a9329007731ee2dae6360ad780f2ef1cdcba,208670,CC-BY 4.0 Open-Meteo (ECMWF ERA5-based reanalysis),2026-09-24T05:51:00.664260Z
EIA-930 fuel-type-data,CISO/0,https://api.eia.gov/v2/electricity/rto/fuel-type-data/data/?api_key=<KEY>&facets%5Brespondent%5D%5B%5D=CISO&start=2024-01-01T00&end=2025-01-01T00&data%5B%5D=value&offset=0&length=5000,2026-09-24T12:57:16.025957Z,data/raw/eia930/CISO_2024-01-01_2025-01-01_p00.json,943442,dca332d0ccea9b0c99d5f5d05244513b95bdff16a2302efaaa93a06172e1c449,US government public domain (EIA)
EIA-930 fuel-type-data,CISO/1,https://api.eia.gov/v2/electricity/rto/fuel-type-data/data/?api_key=<KEY>&facets%5Brespondent%5D%5B%5D=CISO&start=2024-01-01T00&end=2025-01-01T00&data%5B%5D=value&offset=5000&length=5000,2026-09-24T12:57:18.025572Z,data/raw/eia930/CISO_2024-01-01_2025-01-01_p01.json,943544,1793bae3d1fa6414ec537a72991a92cf9d194a0088ac879c52994e4c80451a5c,US government public domain (EIA)
EIA-930 fuel-type-data,CISO/2,https://api.eia.gov/v2/electricity/rto/fuel-type-data/data/?api_key=<KEY>&facets%5Brespondent%5D%5B%5D=CISO&start=2024-01-01T00&end=2025-01-01T00&data%5B%5D=value&offset=10000&length=5000,2026-09-24T12:57:20.245545Z,data/raw/eia930/CISO_2024-01-01_2025-01-01_p02.json,943695,001634086d6a7fc770efba48a8ad8d4489013a770103ce92edb837485d0aacf8,US government public domain (EIA)
EIA-930 fuel-type-data,CISO/3,https://api.eia.gov/v2/electricity/rto/fuel-type-data/data/?api_key=<KEY>&facets%5Brespondent%5D%5B%5D=CISO&start=2024-01-01T00&end=2025-01-01T00&data%5B%5D=value&offset=15000&length=5000,2026-09-24T12:57:23.436080Z,data/raw/eia930/CISO_2024-01-01_2025-01-01_p03.json,943233,41f5e0bc3a8bdeb9921444d4e01a82b55eaf20696a4624ec77bf95dd99ab5192,US government public domain (EIA)
EIA-930 fuel-type-data,CISO/4,https://api.eia.gov/v2/electricity/rto/fuel-type-data/data/?api_key=<KEY>&facets%5Brespondent%5D%5B%5D=CISO&start=2024-01-01T00&end=2025-01-01T00&data%5B%5D=value&offset=20000&length=5000,2026-09-24T12:57:26.629945Z,data/raw/eia930/CISO_2024-01-01_2025-01-01_p04.json,943437,285e92b9e2137f8cee726698c30cb37d1e2ab688db39f2774cfb4c5515c58ca0,US government public domain (EIA)
EIA-930 fuel-type-data,CISO/5,https://api.eia.gov/v2/electricity/rto/fuel-type-data/data/?api_key=<KEY>&facets%5Brespondent%5D%5B%5D=CISO&start=2024-01-01T00&end=2025-01-01T00&data%5B%5D=value&offset=25000&length=5000,2026-09-24T12:57:29.608188Z,data/raw/eia930/CISO_2024-01-01_2025-01-01_p05.json,944049,8f1546578ea4908def4be39947b48db3c8b350302950e93c5707efd42a6bc322,US government public domain (EIA)
EIA-930 fuel-type-data,CISO/6,https://api.eia.gov/v2/electricity/rto/fuel-type-data/data/?api_key=<KEY>&facets%5Brespondent%5D%5B%5D=CISO&start=2024-01-01T00&end=2025-01-01T00&data%5B%5D=value&offset=30000&length=5000,2026-09-24T12:57:31.970618Z,data/raw/eia930/CISO_2024-01-01_2025-01-01_p06.json,943541,c9cb1f7d840602b0d7d1e6f2dd0a06978e1368607e25687177ccdb1798b58942,US government public domain (EIA)
EIA-930 fuel-type-data,CISO/7,https://api.eia.gov/v2/electricity/rto/fuel-type-data/data/?api_key=<KEY>&facets%5Brespondent%5D%5B%5D=CISO&start=2024-01-01T00&end=2025-01-01T00&data%5B%5D=value&offset=35000&length=5000,2026-09-24T12:57:35.398275Z,data/raw/eia930/CISO_2024-01-01_2025-01-01_p07.json,943248,f64187f77c5a9d72c815ee94d448ea22378bd3cd9b6e4f0958cfc699928405e7,US government public domain (EIA)
EIA-930 fuel-type-data,CISO/8,https://api.eia.gov/v2/electricity/rto/fuel-type-data/data/?api_key=<KEY>&facets%5Brespondent%5D%5B%5D=CISO&start=2024-01-01T00&end=2025-01-01T00&data%5B%5D=value&offset=40000&length=5000,2026-09-24T12:57:38.186763Z,data/raw/eia930/CISO_2024-01-01_2025-01-01_p08.json,943181,90c2c45cbae523ff990ac5ace651b015930e7127522bc2adf0a7622cec0156a5,US government public domain (EIA)
EIA-930 fuel-type-data,CISO/9,https://api.eia.gov/v2/electricity/rto/fuel-type-data/data/?api_key=<KEY>&facets%5Brespondent%5D%5B%5D=CISO&start=2024-01-01T00&end=2025-01-01T00&data%5B%5D=value&offset=45000&length=5000,2026-09-24T12:57:40.960048Z,data/raw/eia930/CISO_2024-01-01_2025-01-01_p09.json,942858,526ad4b5ebe70b3ed612679c47b7e0363116f0c61dc74edc15b968a24258fd60,US government public domain (EIA)
EIA-930 fuel-type-data,CISO/10,https://api.eia.gov/v2/electricity/rto/fuel-type-data/data/?api_key=<KEY>&facets%5Brespondent%5D%5B%5D=CISO&start=2024-01-01T00&end=2025-01-01T00&data%5B%5D=value&offset=50000&length=5000,2026-09-24T12:57:43.769932Z,data/raw/eia930/CISO_2024-01-01_2025-01-01_p10.json,942798,dd827c7675e93186a28cdb1ee62635f4355dd2d6d67e767f4e8656d685cd4a52,US government public domain (EIA)
EIA-930 fuel-type-data,CISO/11,https://api.eia.gov/v2/electricity/rto/fuel-type-data/data/?api_key=<KEY>&facets%5Brespondent%5D%5B%5D=CISO&start=2024-01-01T00&end=2025-01-01T00&data%5B%5D=value&offset=55000&length=5000,2026-09-24T12:57:46.653658Z,data/raw/eia930/CISO_2024-01-01_2025-01-01_p11.json,942660,badec005702b30c974155cce87a2a2434a3409ddb738830bed038257d13d5ce2,US government public domain (EIA)
EIA-930 fuel-type-data,CISO/12,https://api.eia.gov/v2/electricity/rto/fuel-type-data/data/?api_key=<KEY>&facets%5Brespondent%5D%5B%5D=CISO&start=2024-01-01T00&end=2025-01-01T00&data%5B%5D=value&offset=60000&length=5000,2026-09-24T12:57:49.451509Z,data/raw/eia930/CISO_2024-01-01_2025-01-01_p12.json,942751,20ec7fea817e85b21ea72c7ebbf1daee49bee2356f2780226f2bdcbb3f381e68,US government public domain (EIA)
EIA-930 fuel-type-data,CISO/13,https://api.eia.gov/v2/electricity/rto/fuel-type-data/data/?api_key=<KEY>&facets%5Brespondent%5D%5B%5D=CISO&start=2024-01-01T00&end=2025-01-01T00&data%5B%5D=value&offset=65000&length=5000,2026-09-24T12:57:51.666276Z,data/raw/eia930/CISO_2024-01-01_2025-01-01_p13.json,943101,17e9acbca076fac82602c22cc67c5566e8a783add6504098c9378a36f67f679d,US government public domain (EIA)
EIA-930 fuel-type-data,CISO/14,https://api.eia.gov/v2/electricity/rto/fuel-type-data/data/?api_key=<KEY>&facets%5Brespondent%5D%5B%5D=CISO&start=2024-01-01T00&end=2025-01-01T00&data%5B%5D=value&offset=70000&length=5000,2026-09-24T12:57:53.432496Z,data/raw/eia930/CISO_2024-01-01_2025-01-01_p14.json,14844,426b553c9b5481dddacb4c82500057dd3852e6461c9e3fcf06decd298bf07b81,US government public domain (EIA)
EIA-930 fuel-type-data,NYIS/0,https://api.eia.gov/v2/electricity/rto/fuel-type-data/data/?api_key=<KEY>&facets%5Brespondent%5D%5B%5D=NYIS&start=2024-01-01T00&end=2025-01-01T00&data%5B%5D=value&offset=0&length=5000,2026-09-24T12:57:55.647448Z,data/raw/eia930/NYIS_2024-01-01_2025-01-01_p00.json,929807,e32093204a816764f68a72afcd623b33571eec4081be326f3ea8e885784aa0d3,US government public domain (EIA)
EIA-930 fuel-type-data,NYIS/1,https://api.eia.gov/v2/electricity/rto/fuel-type-data/data/?api_key=<KEY>&facets%5Brespondent%5D%5B%5D=NYIS&start=2024-01-01T00&end=2025-01-01T00&data%5B%5D=value&offset=5000&length=5000,2026-09-24T12:57:58.482842Z,data/raw/eia930/NYIS_2024-01-01_2025-01-01_p01.json,929801,ba8591a7b5899db7fd23e25d2ec44a03da01f8ac791454613848d6d2eb8a698e,US government public domain (EIA)
EIA-930 fuel-type-data,NYIS/2,https://api.eia.gov/v2/electricity/rto/fuel-type-data/data/?api_key=<KEY>&facets%5Brespondent%5D%5B%5D=NYIS&start=2024-01-01T00&end=2025-01-01T00&data%5B%5D=value&offset=10000&length=5000,2026-09-24T12:58:01.224327Z,data/raw/eia930/NYIS_2024-01-01_2025-01-01_p02.json,929877,87b63bb3301cb190afdcfa0de23e8b9a7af8bd46f0e2056a3a71cb244bb801eb,US government public domain (EIA)
EIA-930 fuel-type-data,NYIS/3,https://api.eia.gov/v2/electricity/rto/fuel-type-data/data/?api_key=<KEY>&facets%5Brespondent%5D%5B%5D=NYIS&start=2024-01-01T00&end=2025-01-01T00&data%5B%5D=value&offset=15000&length=5000,2026-09-24T12:58:04.289950Z,data/raw/eia930/NYIS_2024-01-01_2025-01-01_p03.json,928857,6455aa88e33bdf1b7ae7867ccb9c0b83d45aa1000367b03cbbb125c112b766fc,US government public domain (EIA)
EIA-930 fuel-type-data,NYIS/4,https://api.eia.gov/v2/electricity/rto/fuel-type-data/data/?api_key=<KEY>&facets%5Brespondent%5D%5B%5D=NYIS&start=2024-01-01T00&end=2025-01-01T00&data%5B%5D=value&offset=20000&length=5000,2026-09-24T12:58:07.347088Z,data/raw/eia930/NYIS_2024-01-01_2025-01-01_p04.json,929559,688e9e85dec078186a0d4e552975eceba1d1ca327b17b7cb435194ee4fef0635,US government public domain (EIA)
EIA-930 fuel-type-data,NYIS/5,https://api.eia.gov/v2/electricity/rto/fuel-type-data/data/?api_key=<KEY>&facets%5Brespondent%5D%5B%5D=NYIS&start=2024-01-01T00&end=2025-01-01T00&data%5B%5D=value&offset=25000&length=5000,2026-09-24T12:58:09.703619Z,data/raw/eia930/NYIS_2024-01-01_2025-01-01_p05.json,930062,c2ca612910a58b5b4be926c36afa9d4de27485c824b437a2cb49ab98aacbef55,US government public domain (EIA)
EIA-930 fuel-type-data,NYIS/6,https://api.eia.gov/v2/electricity/rto/fuel-type-data/data/?api_key=<KEY>&facets%5Brespondent%5D%5B%5D=NYIS&start=2024-01-01T00&end=2025-01-01T00&data%5B%5D=value&offset=30000&length=5000,2026-09-24T12:58:12.887710Z,data/raw/eia930/NYIS_2024-01-01_2025-01-01_p06.json,930289,5f5874858d36ab582f75aaa5299e7fe2b9d4392440aa04ceb7262bd54eebd532,US government public domain (EIA)
EIA-930 fuel-type-data,NYIS/7,https://api.eia.gov/v2/electricity/rto/fuel-type-data/data/?api_key=<KEY>&facets%5Brespondent%5D%5B%5D=NYIS&start=2024-01-01T00&end=2025-01-01T00&data%5B%5D=value&offset=35000&length=5000,2026-09-24T12:58:15.791634Z,data/raw/eia930/NYIS_2024-01-01_2025-01-01_p07.json,930013,3568270bccf6a7d667bd80271533c210886e9b9eb51617ae7dd419312e3dd2ac,US government public domain (EIA)
EIA-930 fuel-type-data,NYIS/8,https://api.eia.gov/v2/electricity/rto/fuel-type-data/data/?api_key=<KEY>&facets%5Brespondent%5D%5B%5D=NYIS&start=2024-01-01T00&end=2025-01-01T00&data%5B%5D=value&offset=40000&length=5000,2026-09-24T12:58:20.088430Z,data/raw/eia930/NYIS_2024-01-01_2025-01-01_p08.json,929682,f82545ce8ae5b5868db4500c100bb4c88f3d6f6d9cf35140c7cf8ad60dc42c16,US government public domain (EIA)
EIA-930 fuel-type-data,NYIS/9,https://api.eia.gov/v2/electricity/rto/fuel-type-data/data/?api_key=<KEY>&facets%5Brespondent%5D%5B%5D=NYIS&start=2024-01-01T00&end=2025-01-01T00&data%5B%5D=value&offset=45000&length=5000,2026-09-24T12:58:22.989317Z,data/raw/eia930/NYIS_2024-01-01_2025-01-01_p09.json,929684,60c482f6f23a5ddce4229cdafc555094283be71884e7aaa148da8a3d336c2657,US government public domain (EIA)
EIA-930 fuel-type-data,NYIS/10,https://api.eia.gov/v2/electricity/rto/fuel-type-data/data/?api_key=<KEY>&facets%5Brespondent%5D%5B%5D=NYIS&start=2024-01-01T00&end=2025-01-01T00&data%5B%5D=value&offset=50000&length=5000,2026-09-24T12:58:25.893155Z,data/raw/eia930/NYIS_2024-01-01_2025-01-01_p10.json,929780,82f93c53d7a35813c06cafa199ac4626b709f51620fd2f7dc493a4a147061597,US government public domain (EIA)
EIA-930 fuel-type-data,NYIS/11,https://api.eia.gov/v2/electricity/rto/fuel-type-data/data/?api_key=<KEY>&facets%5Brespondent%5D%5B%5D=NYIS&start=2024-01-01T00&end=2025-01-01T00&data%5B%5D=value&offset=55000&length=5000,2026-09-24T12:58:27.976196Z,data/raw/eia930/NYIS_2024-01-01_2025-01-01_p11.json,929789,a133c9a2664e966a814d2948f84bb65bb0270f2bdfd487e91fc0f0476d7b947c,US government public domain (EIA)
EIA-930 fuel-type-data,NYIS/12,https://api.eia.gov/v2/electricity/rto/fuel-type-data/data/?api_key=<KEY>&facets%5Brespondent%5D%5B%5D=NYIS&start=2024-01-01T00&end=2025-01-01T00&data%5B%5D=value&offset=60000&length=5000,2026-09-24T12:58:31.612621Z,data/raw/eia930/NYIS_2024-01-01_2025-01-01_p12.json,929692,4d17c0dede51420384a937c1a0c605f17b355b6cec889df08cf6115f75a85b7c,US government public domain (EIA)
EIA-930 fuel-type-data,NYIS/13,https://api.eia.gov/v2/electricity/rto/fuel-type-data/data/?api_key=<KEY>&facets%5Brespondent%5D%5B%5D=NYIS&start=2024-01-01T00&end=2025-01-01T00&data%5B%5D=value&offset=65000&length=5000,2026-09-24T12:58:34.880444Z,data/raw/eia930/NYIS_2024-01-01_2025-01-01_p13.json,929740,73da8098122eeb46d6c691c986bf891c74bb3165e59509884477f22d776950a6,US government public domain (EIA)
EIA-930 fuel-type-data,NYIS/14,https://api.eia.gov/v2/electricity/rto/fuel-type-data/data/?api_key=<KEY>&facets%5Brespondent%5D%5B%5D=NYIS&start=2024-01-01T00&end=2025-01-01T00&data%5B%5D=value&offset=70000&length=5000,2026-09-24T12:58:36.602322Z,data/raw/eia930/NYIS_2024-01-01_2025-01-01_p14.json,47907,d78fb15380cc3781032a28c47d51e6a8a12fc71301fabd525bf506a7f4e34891,US government public domain (EIA)
EIA-930 fuel-type-data,PJM/0,https://api.eia.gov/v2/electricity/rto/fuel-type-data/data/?api_key=<KEY>&facets%5Brespondent%5D%5B%5D=PJM&start=2024-01-01T00&end=2025-01-01T00&data%5B%5D=value&offset=0&length=5000,2026-09-24T12:58:37.756712Z,data/raw/eia930/PJM_2024-01-01_2025-01-01_p00.json,870989,ef7449c67f8ce346cc6268a946e3a7ab59fd0ae1872e9d1f062aeb9843321c12,US government public domain (EIA)
EIA-930 fuel-type-data,PJM/1,https://api.eia.gov/v2/electricity/rto/fuel-type-data/data/?api_key=<KEY>&facets%5Brespondent%5D%5B%5D=PJM&start=2024-01-01T00&end=2025-01-01T00&data%5B%5D=value&offset=5000&length=5000,2026-09-24T12:58:40.507494Z,data/raw/eia930/PJM_2024-01-01_2025-01-01_p01.json,870990,076a9c7eab0540bcaefd0b2b05a455051b33065c05eadcba7f3ad91f2d3c9f07,US government public domain (EIA)
EIA-930 fuel-type-data,PJM/2,https://api.eia.gov/v2/electricity/rto/fuel-type-data/data/?api_key=<KEY>&facets%5Brespondent%5D%5B%5D=PJM&start=2024-01-01T00&end=2025-01-01T00&data%5B%5D=value&offset=10000&length=5000,2026-09-24T12:58:44.163586Z,data/raw/eia930/PJM_2024-01-01_2025-01-01_p02.json,870912,7bb23565a0ec853b048c0160873f6b8816d1af32af890387c0eebfc9d8773e13,US government public domain (EIA)
EIA-930 fuel-type-data,PJM/3,https://api.eia.gov/v2/electricity/rto/fuel-type-data/data/?api_key=<KEY>&facets%5Brespondent%5D%5B%5D=PJM&start=2024-01-01T00&end=2025-01-01T00&data%5B%5D=value&offset=15000&length=5000,2026-09-24T12:58:47.266860Z,data/raw/eia930/PJM_2024-01-01_2025-01-01_p03.json,870809,afc630db49328ee5923d04e311d1281e5b1c1c1aecaeba8ff7ba49f426563179,US government public domain (EIA)
EIA-930 fuel-type-data,PJM/4,https://api.eia.gov/v2/electricity/rto/fuel-type-data/data/?api_key=<KEY>&facets%5Brespondent%5D%5B%5D=PJM&start=2024-01-01T00&end=2025-01-01T00&data%5B%5D=value&offset=20000&length=5000,2026-09-24T12:58:50.347873Z,data/raw/eia930/PJM_2024-01-01_2025-01-01_p04.json,871035,d2dae83006bf0e1abb696fad031464c75b02aea1d47df283a8069610eb125a5f,US government public domain (EIA)
EIA-930 fuel-type-data,PJM/5,https://api.eia.gov/v2/electricity/rto/fuel-type-data/data/?api_key=<KEY>&facets%5Brespondent%5D%5B%5D=PJM&start=2024-01-01T00&end=2025-01-01T00&data%5B%5D=value&offset=25000&length=5000,2026-09-24T12:58:53.751970Z,data/raw/eia930/PJM_2024-01-01_2025-01-01_p05.json,871487,5b3a24110969e48d11095332297e28ca70f265f3ec19f5ddd0a18ec5dea28dba,US government public domain (EIA)
EIA-930 fuel-type-data,PJM/6,https://api.eia.gov/v2/electricity/rto/fuel-type-data/data/?api_key=<KEY>&facets%5Brespondent%5D%5B%5D=PJM&start=2024-01-01T00&end=2025-01-01T00&data%5B%5D=value&offset=30000&length=5000,2026-09-24T12:58:57.088121Z,data/raw/eia930/PJM_2024-01-01_2025-01-01_p06.json,871457,30838363ce4710b9a9b2acb588b262e831a476fed38a65ac24a9c664e8f0197e,US government public domain (EIA)
EIA-930 fuel-type-data,PJM/7,https://api.eia.gov/v2/electricity/rto/fuel-type-data/data/?api_key=<KEY>&facets%5Brespondent%5D%5B%5D=PJM&start=2024-01-01T00&end=2025-01-01T00&data%5B%5D=value&offset=35000&length=5000,2026-09-24T12:59:00.085723Z,data/raw/eia930/PJM_2024-01-01_2025-01-01_p07.json,871675,d47b29a6ee0860195ca59e3dc3e6877c88cc708c3b534d91bd01607041188f88,US government public domain (EIA)
EIA-930 fuel-type-data,PJM/8,https://api.eia.gov/v2/electricity/rto/fuel-type-data/data/?api_key=<KEY>&facets%5Brespondent%5D%5B%5D=PJM&start=2024-01-01T00&end=2025-01-01T00&data%5B%5D=value&offset=40000&length=5000,2026-09-24T12:59:04.354340Z,data/raw/eia930/PJM_2024-01-01_2025-01-01_p08.json,871876,df5b2b47ab881a32edfdde28ef47987f81e5c036598d86c8b7fda4975bc18780,US government public domain (EIA)
EIA-930 fuel-type-data,PJM/9,https://api.eia.gov/v2/electricity/rto/fuel-type-data/data/?api_key=<KEY>&facets%5Brespondent%5D%5B%5D=PJM&start=2024-01-01T00&end=2025-01-01T00&data%5B%5D=value&offset=45000&length=5000,2026-09-24T12:59:07.796581Z,data/raw/eia930/PJM_2024-01-01_2025-01-01_p09.json,871738,a32d6ef7b7540d6847bd9b5cdd9d22b1859f06dfe23f3c74838b297af0380793,US government public domain (EIA)
EIA-930 fuel-type-data,PJM/10,https://api.eia.gov/v2/electricity/rto/fuel-type-data/data/?api_key=<KEY>&facets%5Brespondent%5D%5B%5D=PJM&start=2024-01-01T00&end=2025-01-01T00&data%5B%5D=value&offset=50000&length=5000,2026-09-24T12:59:11.369383Z,data/raw/eia930/PJM_2024-01-01_2025-01-01_p10.json,871357,33f107031bf073aaf4cd366ab2f0fcfe679443f586002112a69bd79c034d6bb1,US government public domain (EIA)
EIA-930 fuel-type-data,PJM/11,https://api.eia.gov/v2/electricity/rto/fuel-type-data/data/?api_key=<KEY>&facets%5Brespondent%5D%5B%5D=PJM&start=2024-01-01T00&end=2025-01-01T00&data%5B%5D=value&offset=55000&length=5000,2026-09-24T12:59:14.449952Z,data/raw/eia930/PJM_2024-01-01_2025-01-01_p11.json,870400,80513c0c4fe1eeaeaf829010a76f0a08e3fcaf266c1a0c2d5a2b4db6964840cd,US government public domain (EIA)
EIA-930 fuel-type-data,PJM/12,https://api.eia.gov/v2/electricity/rto/fuel-type-data/data/?api_key=<KEY>&facets%5Brespondent%5D%5B%5D=PJM&start=2024-01-01T00&end=2025-01-01T00&data%5B%5D=value&offset=60000&length=5000,2026-09-24T12:59:16.627517Z,data/raw/eia930/PJM_2024-01-01_2025-01-01_p12.json,870882,03f8f7349e04ca9155c06a782750aa47301129256cfb6c8f6c85043fac7baa3d,US government public domain (EIA)
EIA-930 fuel-type-data,PJM/13,https://api.eia.gov/v2/electricity/rto/fuel-type-data/data/?api_key=<KEY>&facets%5Brespondent%5D%5B%5D=PJM&start=2024-01-01T00&end=2025-01-01T00&data%5B%5D=value&offset=65000&length=5000,2026-09-24T12:59:18.749163Z,data/raw/eia930/PJM_2024-01-01_2025-01-01_p13.json,871477,58dfb05bed8017ec8ca8ff31dba8ce95be762f6e4cc40e20f9ddde07257bdf12,US government public domain (EIA)
EIA-930 fuel-type-data,PJM/14,https://api.eia.gov/v2/electricity/rto/fuel-type-data/data/?api_key=<KEY>&facets%5Brespondent%5D%5B%5D=PJM&start=2024-01-01T00&end=2025-01-01T00&data%5B%5D=value&offset=70000&length=5000,2026-09-24T12:59:20.469178Z,data/raw/eia930/PJM_2024-01-01_2025-01-01_p14.json,47747,a76a6ec7ece95e1aada0a0bd31f8ffac0db6e3e2313b235985935b192c0f3f7a,US government public domain (EIA)
https://archive-api.open-meteo.com/v1/archive?latitude=1.35&longitude=103.8&start_date=2023-01-01&end_date=2023-12-31&hourly=temperature_2m&timezone=GMT,"{'latitude': 1.35, 'longitude': 103.8, 'start_date': '2023-01-01', 'end_date': '2023-12-31', 'hourly': 'temperature_2m', 'timezone': 'GMT'}",/home/ubuntu/repos/wip/dst_sas_energy/simulations/../src/climate/../../data/raw/openmeteo/lat+1.35_lon+103.80_2023-01-01_2023-12-31.json,60fd80122a2ff36e7df3e719f0db7cd4e9d896a81d08cb1e2f6fecebbd672e2b,210506,CC-BY 4.0 Open-Meteo (ECMWF ERA5-based reanalysis),2026-09-24T13:16:37.039567Z
https://archive-api.open-meteo.com/v1/archive?latitude=25.8&longitude=-80.2&start_date=2023-01-01&end_date=2023-12-31&hourly=temperature_2m&timezone=GMT,"{'latitude': 25.8, 'longitude': -80.2, 'start_date': '2023-01-01', 'end_date': '2023-12-31', 'hourly': 'temperature_2m', 'timezone': 'GMT'}",/home/ubuntu/repos/wip/dst_sas_energy/simulations/../src/climate/../../data/raw/openmeteo/lat+25.80_lon-80.20_2023-01-01_2023-12-31.json,5a21d3ce7672e55a39bbcb0c0c35a682531215181d911b875dc90c758ba675d5,210483,CC-BY 4.0 Open-Meteo (ECMWF ERA5-based reanalysis),2026-09-24T13:16:37.990328Z
https://archive-api.open-meteo.com/v1/archive?latitude=-33.9&longitude=151.2&start_date=2023-01-01&end_date=2023-12-31&hourly=temperature_2m&timezone=GMT,"{'latitude': -33.9, 'longitude': 151.2, 'start_date': '2023-01-01', 'end_date': '2023-12-31', 'hourly': 'temperature_2m', 'timezone': 'GMT'}",/home/ubuntu/repos/wip/dst_sas_energy/simulations/../src/climate/../../data/raw/openmeteo/lat-33.90_lon+151.20_2023-01-01_2023-12-31.json,0d6711a8d18f67f7e5c828336281a660754f4ec5a27c6bdbd1dace55eb483173,209687,CC-BY 4.0 Open-Meteo (ECMWF ERA5-based reanalysis),2026-09-24T13:16:38.978024Z
https://archive-api.open-meteo.com/v1/archive?latitude=35.7&longitude=139.7&start_date=2023-01-01&end_date=2023-12-31&hourly=temperature_2m&timezone=GMT,"{'latitude': 35.7, 'longitude': 139.7, 'start_date': '2023-01-01', 'end_date': '2023-12-31', 'hourly': 'temperature_2m', 'timezone': 'GMT'}",/home/ubuntu/repos/wip/dst_sas_energy/simulations/../src/climate/../../data/raw/openmeteo/lat+35.70_lon+139.70_2023-01-01_2023-12-31.json,027bd58f1dfea5ace23af69326f7a15082110a48b6657e9b469a0a7eb4cba52f,208369,CC-BY 4.0 Open-Meteo (ECMWF ERA5-based reanalysis),2026-09-24T13:16:39.929564Z
https://archive-api.open-meteo.com/v1/archive?latitude=33.4&longitude=-112.1&start_date=2023-01-01&end_date=2023-12-31&hourly=temperature_2m&timezone=GMT,"{'latitude': 33.4, 'longitude': -112.1, 'start_date': '2023-01-01', 'end_date': '2023-12-31', 'hourly': 'temperature_2m', 'timezone': 'GMT'}",/home/ubuntu/repos/wip/dst_sas_energy/simulations/../src/climate/../../data/raw/openmeteo/lat+33.40_lon-112.10_2023-01-01_2023-12-31.json,19f6023676baa5844be17393cd8432b89f4e52879fc76a644fe8abfafce7b6cc,209529,CC-BY 4.0 Open-Meteo (ECMWF ERA5-based reanalysis),2026-09-24T13:16:40.889564Z
https://archive-api.open-meteo.com/v1/archive?latitude=52.5&longitude=13.4&start_date=2023-01-01&end_date=2023-12-31&hourly=temperature_2m&timezone=GMT,"{'latitude': 52.5, 'longitude': 13.4, 'start_date': '2023-01-01', 'end_date': '2023-12-31', 'hourly': 'temperature_2m', 'timezone': 'GMT'}",/home/ubuntu/repos/wip/dst_sas_energy/simulations/../src/climate/../../data/raw/openmeteo/lat+52.50_lon+13.40_2023-01-01_2023-12-31.json,1076095296a8eea52db3994222579347cadc2dfc3dff0f662e07cacc4d827cfc,207026,CC-BY 4.0 Open-Meteo (ECMWF ERA5-based reanalysis),2026-09-24T13:16:41.831417Z
https://archive-api.open-meteo.com/v1/archive?latitude=59.9&longitude=10.7&start_date=2023-01-01&end_date=2023-12-31&hourly=temperature_2m&timezone=GMT,"{'latitude': 59.9, 'longitude': 10.7, 'start_date': '2023-01-01', 'end_date': '2023-12-31', 'hourly': 'temperature_2m', 'timezone': 'GMT'}",/home/ubuntu/repos/wip/dst_sas_energy/simulations/../src/climate/../../data/raw/openmeteo/lat+59.90_lon+10.70_2023-01-01_2023-12-31.json,07cf4097d9c94521ea9f484f9a6f7dd57f70a346403c8b1ffb094f7df7b78bbc,207809,CC-BY 4.0 Open-Meteo (ECMWF ERA5-based reanalysis),2026-09-24T13:16:42.793119Z
https://archive-api.open-meteo.com/v1/archive?latitude=-33.5&longitude=-70.7&start_date=2023-01-01&end_date=2023-12-31&hourly=temperature_2m&timezone=GMT,"{'latitude': -33.5, 'longitude': -70.7, 'start_date': '2023-01-01', 'end_date': '2023-12-31', 'hourly': 'temperature_2m', 'timezone': 'GMT'}",/home/ubuntu/repos/wip/dst_sas_energy/simulations/../src/climate/../../data/raw/openmeteo/lat-33.50_lon-70.70_2023-01-01_2023-12-31.json,5603a2653d222e5f8630ebc4abff4baab9518a816f272cbc0ae84063342e3ed3,209362,CC-BY 4.0 Open-Meteo (ECMWF ERA5-based reanalysis),2026-09-24T13:16:43.799371Z
https://archive-api.open-meteo.com/v1/archive?latitude=51.5&longitude=-0.1&start_date=2023-01-01&end_date=2023-12-31&hourly=temperature_2m&timezone=GMT,"{'latitude': 51.5, 'longitude': -0.1, 'start_date': '2023-01-01', 'end_date': '2023-12-31', 'hourly': 'temperature_2m', 'timezone': 'GMT'}",/home/ubuntu/repos/wip/dst_sas_energy/simulations/../src/climate/../../data/raw/openmeteo/lat+51.50_lon-0.10_2023-01-01_2023-12-31.json,8921020a2fb9ceec056e4474870a6bdf00ce4b4f0c56d223a8b779018173482c,207250,CC-BY 4.0 Open-Meteo (ECMWF ERA5-based reanalysis),2026-09-24T13:16:44.757581Z
https://archive-api.open-meteo.com/v1/archive?latitude=55.8&longitude=37.6&start_date=2023-01-01&end_date=2023-12-31&hourly=temperature_2m&timezone=GMT,"{'latitude': 55.8, 'longitude': 37.6, 'start_date': '2023-01-01', 'end_date': '2023-12-31', 'hourly': 'temperature_2m', 'timezone': 'GMT'}",/home/ubuntu/repos/wip/dst_sas_energy/simulations/../src/climate/../../data/raw/openmeteo/lat+55.80_lon+37.60_2023-01-01_2023-12-31.json,250d760d7122baf46ddfd694973c8eb794097f44583e9858fe57060d68560e48,208671,CC-BY 4.0 Open-Meteo (ECMWF ERA5-based reanalysis),2026-09-24T13:16:45.751974Z
EIA-930 fuel-type-data,CISO/0,https://api.eia.gov/v2/electricity/rto/fuel-type-data/data/?api_key=<KEY>&facets%5Brespondent%5D%5B%5D=CISO&start=2024-01-01T00&end=2025-01-01T00&data%5B%5D=value&offset=0&length=5000,2026-09-24T13:53:41.377273Z,data/raw/eia930/CISO_2024-01-01_2025-01-01_p00.json,943442,dca332d0ccea9b0c99d5f5d05244513b95bdff16a2302efaaa93a06172e1c449,US government public domain (EIA)
EIA-930 fuel-type-data,CISO/1,https://api.eia.gov/v2/electricity/rto/fuel-type-data/data/?api_key=<KEY>&facets%5Brespondent%5D%5B%5D=CISO&start=2024-01-01T00&end=2025-01-01T00&data%5B%5D=value&offset=5000&length=5000,2026-09-24T13:53:44.429301Z,data/raw/eia930/CISO_2024-01-01_2025-01-01_p01.json,943544,1793bae3d1fa6414ec537a72991a92cf9d194a0088ac879c52994e4c80451a5c,US government public domain (EIA)
EIA-930 fuel-type-data,CISO/2,https://api.eia.gov/v2/electricity/rto/fuel-type-data/data/?api_key=<KEY>&facets%5Brespondent%5D%5B%5D=CISO&start=2024-01-01T00&end=2025-01-01T00&data%5B%5D=value&offset=10000&length=5000,2026-09-24T13:53:47.552455Z,data/raw/eia930/CISO_2024-01-01_2025-01-01_p02.json,943695,001634086d6a7fc770efba48a8ad8d4489013a770103ce92edb837485d0aacf8,US government public domain (EIA)
EIA-930 fuel-type-data,CISO/3,https://api.eia.gov/v2/electricity/rto/fuel-type-data/data/?api_key=<KEY>&facets%5Brespondent%5D%5B%5D=CISO&start=2024-01-01T00&end=2025-01-01T00&data%5B%5D=value&offset=15000&length=5000,2026-09-24T13:53:50.694275Z,data/raw/eia930/CISO_2024-01-01_2025-01-01_p03.json,943233,41f5e0bc3a8bdeb9921444d4e01a82b55eaf20696a4624ec77bf95dd99ab5192,US government public domain (EIA)
EIA-930 fuel-type-data,CISO/4,https://api.eia.gov/v2/electricity/rto/fuel-type-data/data/?api_key=<KEY>&facets%5Brespondent%5D%5B%5D=CISO&start=2024-01-01T00&end=2025-01-01T00&data%5B%5D=value&offset=20000&length=5000,2026-09-24T13:53:54.719215Z,data/raw/eia930/CISO_2024-01-01_2025-01-01_p04.json,943437,285e92b9e2137f8cee726698c30cb37d1e2ab688db39f2774cfb4c5515c58ca0,US government public domain (EIA)
EIA-930 fuel-type-data,CISO/5,https://api.eia.gov/v2/electricity/rto/fuel-type-data/data/?api_key=<KEY>&facets%5Brespondent%5D%5B%5D=CISO&start=2024-01-01T00&end=2025-01-01T00&data%5B%5D=value&offset=25000&length=5000,2026-09-24T13:53:57.181006Z,data/raw/eia930/CISO_2024-01-01_2025-01-01_p05.json,944049,8f1546578ea4908def4be39947b48db3c8b350302950e93c5707efd42a6bc322,US government public domain (EIA)
EIA-930 fuel-type-data,CISO/6,https://api.eia.gov/v2/electricity/rto/fuel-type-data/data/?api_key=<KEY>&facets%5Brespondent%5D%5B%5D=CISO&start=2024-01-01T00&end=2025-01-01T00&data%5B%5D=value&offset=30000&length=5000,2026-09-24T13:54:00.376443Z,data/raw/eia930/CISO_2024-01-01_2025-01-01_p06.json,943541,c9cb1f7d840602b0d7d1e6f2dd0a06978e1368607e25687177ccdb1798b58942,US government public domain (EIA)
EIA-930 fuel-type-data,CISO/7,https://api.eia.gov/v2/electricity/rto/fuel-type-data/data/?api_key=<KEY>&facets%5Brespondent%5D%5B%5D=CISO&start=2024-01-01T00&end=2025-01-01T00&data%5B%5D=value&offset=35000&length=5000,2026-09-24T13:54:03.986124Z,data/raw/eia930/CISO_2024-01-01_2025-01-01_p07.json,943248,f64187f77c5a9d72c815ee94d448ea22378bd3cd9b6e4f0958cfc699928405e7,US government public domain (EIA)
EIA-930 fuel-type-data,CISO/8,https://api.eia.gov/v2/electricity/rto/fuel-type-data/data/?api_key=<KEY>&facets%5Brespondent%5D%5B%5D=CISO&start=2024-01-01T00&end=2025-01-01T00&data%5B%5D=value&offset=40000&length=5000,2026-09-24T13:54:07.038100Z,data/raw/eia930/CISO_2024-01-01_2025-01-01_p08.json,943181,90c2c45cbae523ff990ac5ace651b015930e7127522bc2adf0a7622cec0156a5,US government public domain (EIA)
EIA-930 fuel-type-data,CISO/9,https://api.eia.gov/v2/electricity/rto/fuel-type-data/data/?api_key=<KEY>&facets%5Brespondent%5D%5B%5D=CISO&start=2024-01-01T00&end=2025-01-01T00&data%5B%5D=value&offset=45000&length=5000,2026-09-24T13:54:09.966399Z,data/raw/eia930/CISO_2024-01-01_2025-01-01_p09.json,942858,526ad4b5ebe70b3ed612679c47b7e0363116f0c61dc74edc15b968a24258fd60,US government public domain (EIA)
EIA-930 fuel-type-data,CISO/10,https://api.eia.gov/v2/electricity/rto/fuel-type-data/data/?api_key=<KEY>&facets%5Brespondent%5D%5B%5D=CISO&start=2024-01-01T00&end=2025-01-01T00&data%5B%5D=value&offset=50000&length=5000,2026-09-24T13:54:12.551293Z,data/raw/eia930/CISO_2024-01-01_2025-01-01_p10.json,942798,dd827c7675e93186a28cdb1ee62635f4355dd2d6d67e767f4e8656d685cd4a52,US government public domain (EIA)
EIA-930 fuel-type-data,CISO/11,https://api.eia.gov/v2/electricity/rto/fuel-type-data/data/?api_key=<KEY>&facets%5Brespondent%5D%5B%5D=CISO&start=2024-01-01T00&end=2025-01-01T00&data%5B%5D=value&offset=55000&length=5000,2026-09-24T13:54:14.973788Z,data/raw/eia930/CISO_2024-01-01_2025-01-01_p11.json,942660,badec005702b30c974155cce87a2a2434a3409ddb738830bed038257d13d5ce2,US government public domain (EIA)
EIA-930 fuel-type-data,CISO/12,https://api.eia.gov/v2/electricity/rto/fuel-type-data/data/?api_key=<KEY>&facets%5Brespondent%5D%5B%5D=CISO&start=2024-01-01T00&end=2025-01-01T00&data%5B%5D=value&offset=60000&length=5000,2026-09-24T13:54:17.573280Z,data/raw/eia930/CISO_2024-01-01_2025-01-01_p12.json,942751,20ec7fea817e85b21ea72c7ebbf1daee49bee2356f2780226f2bdcbb3f381e68,US government public domain (EIA)
EIA-930 fuel-type-data,CISO/13,https://api.eia.gov/v2/electricity/rto/fuel-type-data/data/?api_key=<KEY>&facets%5Brespondent%5D%5B%5D=CISO&start=2024-01-01T00&end=2025-01-01T00&data%5B%5D=value&offset=65000&length=5000,2026-09-24T13:54:20.205754Z,data/raw/eia930/CISO_2024-01-01_2025-01-01_p13.json,943101,17e9acbca076fac82602c22cc67c5566e8a783add6504098c9378a36f67f679d,US government public domain (EIA)
EIA-930 fuel-type-data,CISO/14,https://api.eia.gov/v2/electricity/rto/fuel-type-data/data/?api_key=<KEY>&facets%5Brespondent%5D%5B%5D=CISO&start=2024-01-01T00&end=2025-01-01T00&data%5B%5D=value&offset=70000&length=5000,2026-09-24T13:54:22.217882Z,data/raw/eia930/CISO_2024-01-01_2025-01-01_p14.json,14844,426b553c9b5481dddacb4c82500057dd3852e6461c9e3fcf06decd298bf07b81,US government public domain (EIA)
EIA-930 fuel-type-data,NYIS/0,https://api.eia.gov/v2/electricity/rto/fuel-type-data/data/?api_key=<KEY>&facets%5Brespondent%5D%5B%5D=NYIS&start=2024-01-01T00&end=2025-01-01T00&data%5B%5D=value&offset=0&length=5000,2026-09-24T13:54:23.831687Z,data/raw/eia930/NYIS_2024-01-01_2025-01-01_p00.json,929807,e32093204a816764f68a72afcd623b33571eec4081be326f3ea8e885784aa0d3,US government public domain (EIA)
EIA-930 fuel-type-data,NYIS/1,https://api.eia.gov/v2/electricity/rto/fuel-type-data/data/?api_key=<KEY>&facets%5Brespondent%5D%5B%5D=NYIS&start=2024-01-01T00&end=2025-01-01T00&data%5B%5D=value&offset=5000&length=5000,2026-09-24T13:54:26.178161Z,data/raw/eia930/NYIS_2024-01-01_2025-01-01_p01.json,929801,ba8591a7b5899db7fd23e25d2ec44a03da01f8ac791454613848d6d2eb8a698e,US government public domain (EIA)
EIA-930 fuel-type-data,NYIS/2,https://api.eia.gov/v2/electricity/rto/fuel-type-data/data/?api_key=<KEY>&facets%5Brespondent%5D%5B%5D=NYIS&start=2024-01-01T00&end=2025-01-01T00&data%5B%5D=value&offset=10000&length=5000,2026-09-24T13:54:29.046110Z,data/raw/eia930/NYIS_2024-01-01_2025-01-01_p02.json,929877,87b63bb3301cb190afdcfa0de23e8b9a7af8bd46f0e2056a3a71cb244bb801eb,US government public domain (EIA)
EIA-930 fuel-type-data,NYIS/3,https://api.eia.gov/v2/electricity/rto/fuel-type-data/data/?api_key=<KEY>&facets%5Brespondent%5D%5B%5D=NYIS&start=2024-01-01T00&end=2025-01-01T00&data%5B%5D=value&offset=15000&length=5000,2026-09-24T13:54:31.956108Z,data/raw/eia930/NYIS_2024-01-01_2025-01-01_p03.json,928857,6455aa88e33bdf1b7ae7867ccb9c0b83d45aa1000367b03cbbb125c112b766fc,US government public domain (EIA)
EIA-930 fuel-type-data,NYIS/4,https://api.eia.gov/v2/electricity/rto/fuel-type-data/data/?api_key=<KEY>&facets%5Brespondent%5D%5B%5D=NYIS&start=2024-01-01T00&end=2025-01-01T00&data%5B%5D=value&offset=20000&length=5000,2026-09-24T13:54:34.237701Z,data/raw/eia930/NYIS_2024-01-01_2025-01-01_p04.json,929559,688e9e85dec078186a0d4e552975eceba1d1ca327b17b7cb435194ee4fef0635,US government public domain (EIA)
EIA-930 fuel-type-data,NYIS/5,https://api.eia.gov/v2/electricity/rto/fuel-type-data/data/?api_key=<KEY>&facets%5Brespondent%5D%5B%5D=NYIS&start=2024-01-01T00&end=2025-01-01T00&data%5B%5D=value&offset=25000&length=5000,2026-09-24T13:54:37.362836Z,data/raw/eia930/NYIS_2024-01-01_2025-01-01_p05.json,930062,c2ca612910a58b5b4be926c36afa9d4de27485c824b437a2cb49ab98aacbef55,US government public domain (EIA)
EIA-930 fuel-type-data,NYIS/6,https://api.eia.gov/v2/electricity/rto/fuel-type-data/data/?api_key=<KEY>&facets%5Brespondent%5D%5B%5D=NYIS&start=2024-01-01T00&end=2025-01-01T00&data%5B%5D=value&offset=30000&length=5000,2026-09-24T13:54:39.958039Z,data/raw/eia930/NYIS_2024-01-01_2025-01-01_p06.json,930289,5f5874858d36ab582f75aaa5299e7fe2b9d4392440aa04ceb7262bd54eebd532,US government public domain (EIA)
EIA-930 fuel-type-data,NYIS/7,https://api.eia.gov/v2/electricity/rto/fuel-type-data/data/?api_key=<KEY>&facets%5Brespondent%5D%5B%5D=NYIS&start=2024-01-01T00&end=2025-01-01T00&data%5B%5D=value&offset=35000&length=5000,2026-09-24T13:54:42.355393Z,data/raw/eia930/NYIS_2024-01-01_2025-01-01_p07.json,930013,3568270bccf6a7d667bd80271533c210886e9b9eb51617ae7dd419312e3dd2ac,US government public domain (EIA)
EIA-930 fuel-type-data,NYIS/8,https://api.eia.gov/v2/electricity/rto/fuel-type-data/data/?api_key=<KEY>&facets%5Brespondent%5D%5B%5D=NYIS&start=2024-01-01T00&end=2025-01-01T00&data%5B%5D=value&offset=40000&length=5000,2026-09-24T13:54:44.948522Z,data/raw/eia930/NYIS_2024-01-01_2025-01-01_p08.json,929682,f82545ce8ae5b5868db4500c100bb4c88f3d6f6d9cf35140c7cf8ad60dc42c16,US government public domain (EIA)
EIA-930 fuel-type-data,NYIS/9,https://api.eia.gov/v2/electricity/rto/fuel-type-data/data/?api_key=<KEY>&facets%5Brespondent%5D%5B%5D=NYIS&start=2024-01-01T00&end=2025-01-01T00&data%5B%5D=value&offset=45000&length=5000,2026-09-24T13:54:47.884654Z,data/raw/eia930/NYIS_2024-01-01_2025-01-01_p09.json,929684,60c482f6f23a5ddce4229cdafc555094283be71884e7aaa148da8a3d336c2657,US government public domain (EIA)
EIA-930 fuel-type-data,NYIS/10,https://api.eia.gov/v2/electricity/rto/fuel-type-data/data/?api_key=<KEY>&facets%5Brespondent%5D%5B%5D=NYIS&start=2024-01-01T00&end=2025-01-01T00&data%5B%5D=value&offset=50000&length=5000,2026-09-24T13:54:50.083841Z,data/raw/eia930/NYIS_2024-01-01_2025-01-01_p10.json,929780,82f93c53d7a35813c06cafa199ac4626b709f51620fd2f7dc493a4a147061597,US government public domain (EIA)
EIA-930 fuel-type-data,NYIS/11,https://api.eia.gov/v2/electricity/rto/fuel-type-data/data/?api_key=<KEY>&facets%5Brespondent%5D%5B%5D=NYIS&start=2024-01-01T00&end=2025-01-01T00&data%5B%5D=value&offset=55000&length=5000,2026-09-24T13:54:52.217341Z,data/raw/eia930/NYIS_2024-01-01_2025-01-01_p11.json,929789,a133c9a2664e966a814d2948f84bb65bb0270f2bdfd487e91fc0f0476d7b947c,US government public domain (EIA)
EIA-930 fuel-type-data,NYIS/12,https://api.eia.gov/v2/electricity/rto/fuel-type-data/data/?api_key=<KEY>&facets%5Brespondent%5D%5B%5D=NYIS&start=2024-01-01T00&end=2025-01-01T00&data%5B%5D=value&offset=60000&length=5000,2026-09-24T13:54:54.302412Z,data/raw/eia930/NYIS_2024-01-01_2025-01-01_p12.json,929692,4d17c0dede51420384a937c1a0c605f17b355b6cec889df08cf6115f75a85b7c,US government public domain (EIA)
EIA-930 fuel-type-data,NYIS/13,https://api.eia.gov/v2/electricity/rto/fuel-type-data/data/?api_key=<KEY>&facets%5Brespondent%5D%5B%5D=NYIS&start=2024-01-01T00&end=2025-01-01T00&data%5B%5D=value&offset=65000&length=5000,2026-09-24T13:54:56.403263Z,data/raw/eia930/NYIS_2024-01-01_2025-01-01_p13.json,929740,73da8098122eeb46d6c691c986bf891c74bb3165e59509884477f22d776950a6,US government public domain (EIA)
EIA-930 fuel-type-data,NYIS/14,https://api.eia.gov/v2/electricity/rto/fuel-type-data/data/?api_key=<KEY>&facets%5Brespondent%5D%5B%5D=NYIS&start=2024-01-01T00&end=2025-01-01T00&data%5B%5D=value&offset=70000&length=5000,2026-09-24T13:54:58.377507Z,data/raw/eia930/NYIS_2024-01-01_2025-01-01_p14.json,47907,d78fb15380cc3781032a28c47d51e6a8a12fc71301fabd525bf506a7f4e34891,US government public domain (EIA)
EIA-930 fuel-type-data,PJM/0,https://api.eia.gov/v2/electricity/rto/fuel-type-data/data/?api_key=<KEY>&facets%5Brespondent%5D%5B%5D=PJM&start=2024-01-01T00&end=2025-01-01T00&data%5B%5D=value&offset=0&length=5000,2026-09-24T13:55:00.841019Z,data/raw/eia930/PJM_2024-01-01_2025-01-01_p00.json,870989,ef7449c67f8ce346cc6268a946e3a7ab59fd0ae1872e9d1f062aeb9843321c12,US government public domain (EIA)
EIA-930 fuel-type-data,PJM/1,https://api.eia.gov/v2/electricity/rto/fuel-type-data/data/?api_key=<KEY>&facets%5Brespondent%5D%5B%5D=PJM&start=2024-01-01T00&end=2025-01-01T00&data%5B%5D=value&offset=5000&length=5000,2026-09-24T13:55:04.909613Z,data/raw/eia930/PJM_2024-01-01_2025-01-01_p01.json,870990,076a9c7eab0540bcaefd0b2b05a455051b33065c05eadcba7f3ad91f2d3c9f07,US government public domain (EIA)
EIA-930 fuel-type-data,PJM/2,https://api.eia.gov/v2/electricity/rto/fuel-type-data/data/?api_key=<KEY>&facets%5Brespondent%5D%5B%5D=PJM&start=2024-01-01T00&end=2025-01-01T00&data%5B%5D=value&offset=10000&length=5000,2026-09-24T13:55:07.895508Z,data/raw/eia930/PJM_2024-01-01_2025-01-01_p02.json,870912,7bb23565a0ec853b048c0160873f6b8816d1af32af890387c0eebfc9d8773e13,US government public domain (EIA)
EIA-930 fuel-type-data,PJM/3,https://api.eia.gov/v2/electricity/rto/fuel-type-data/data/?api_key=<KEY>&facets%5Brespondent%5D%5B%5D=PJM&start=2024-01-01T00&end=2025-01-01T00&data%5B%5D=value&offset=15000&length=5000,2026-09-24T13:55:10.157312Z,data/raw/eia930/PJM_2024-01-01_2025-01-01_p03.json,870809,afc630db49328ee5923d04e311d1281e5b1c1c1aecaeba8ff7ba49f426563179,US government public domain (EIA)
EIA-930 fuel-type-data,PJM/4,https://api.eia.gov/v2/electricity/rto/fuel-type-data/data/?api_key=<KEY>&facets%5Brespondent%5D%5B%5D=PJM&start=2024-01-01T00&end=2025-01-01T00&data%5B%5D=value&offset=20000&length=5000,2026-09-24T13:55:12.454353Z,data/raw/eia930/PJM_2024-01-01_2025-01-01_p04.json,871035,d2dae83006bf0e1abb696fad031464c75b02aea1d47df283a8069610eb125a5f,US government public domain (EIA)
EIA-930 fuel-type-data,PJM/5,https://api.eia.gov/v2/electricity/rto/fuel-type-data/data/?api_key=<KEY>&facets%5Brespondent%5D%5B%5D=PJM&start=2024-01-01T00&end=2025-01-01T00&data%5B%5D=value&offset=25000&length=5000,2026-09-24T13:55:15.547209Z,data/raw/eia930/PJM_2024-01-01_2025-01-01_p05.json,871487,5b3a24110969e48d11095332297e28ca70f265f3ec19f5ddd0a18ec5dea28dba,US government public domain (EIA)
EIA-930 fuel-type-data,PJM/6,https://api.eia.gov/v2/electricity/rto/fuel-type-data/data/?api_key=<KEY>&facets%5Brespondent%5D%5B%5D=PJM&start=2024-01-01T00&end=2025-01-01T00&data%5B%5D=value&offset=30000&length=5000,2026-09-24T13:55:19.359474Z,data/raw/eia930/PJM_2024-01-01_2025-01-01_p06.json,871457,30838363ce4710b9a9b2acb588b262e831a476fed38a65ac24a9c664e8f0197e,US government public domain (EIA)
EIA-930 fuel-type-data,PJM/7,https://api.eia.gov/v2/electricity/rto/fuel-type-data/data/?api_key=<KEY>&facets%5Brespondent%5D%5B%5D=PJM&start=2024-01-01T00&end=2025-01-01T00&data%5B%5D=value&offset=35000&length=5000,2026-09-24T13:55:22.406294Z,data/raw/eia930/PJM_2024-01-01_2025-01-01_p07.json,871675,d47b29a6ee0860195ca59e3dc3e6877c88cc708c3b534d91bd01607041188f88,US government public domain (EIA)
EIA-930 fuel-type-data,PJM/8,https://api.eia.gov/v2/electricity/rto/fuel-type-data/data/?api_key=<KEY>&facets%5Brespondent%5D%5B%5D=PJM&start=2024-01-01T00&end=2025-01-01T00&data%5B%5D=value&offset=40000&length=5000,2026-09-24T13:55:24.823483Z,data/raw/eia930/PJM_2024-01-01_2025-01-01_p08.json,871876,df5b2b47ab881a32edfdde28ef47987f81e5c036598d86c8b7fda4975bc18780,US government public domain (EIA)
EIA-930 fuel-type-data,PJM/9,https://api.eia.gov/v2/electricity/rto/fuel-type-data/data/?api_key=<KEY>&facets%5Brespondent%5D%5B%5D=PJM&start=2024-01-01T00&end=2025-01-01T00&data%5B%5D=value&offset=45000&length=5000,2026-09-24T13:55:27.178010Z,data/raw/eia930/PJM_2024-01-01_2025-01-01_p09.json,871738,a32d6ef7b7540d6847bd9b5cdd9d22b1859f06dfe23f3c74838b297af0380793,US government public domain (EIA)
EIA-930 fuel-type-data,PJM/10,https://api.eia.gov/v2/electricity/rto/fuel-type-data/data/?api_key=<KEY>&facets%5Brespondent%5D%5B%5D=PJM&start=2024-01-01T00&end=2025-01-01T00&data%5B%5D=value&offset=50000&length=5000,2026-09-24T13:55:30.819823Z,data/raw/eia930/PJM_2024-01-01_2025-01-01_p10.json,871357,33f107031bf073aaf4cd366ab2f0fcfe679443f586002112a69bd79c034d6bb1,US government public domain (EIA)
EIA-930 fuel-type-data,PJM/11,https://api.eia.gov/v2/electricity/rto/fuel-type-data/data/?api_key=<KEY>&facets%5Brespondent%5D%5B%5D=PJM&start=2024-01-01T00&end=2025-01-01T00&data%5B%5D=value&offset=55000&length=5000,2026-09-24T13:55:32.842466Z,data/raw/eia930/PJM_2024-01-01_2025-01-01_p11.json,870400,80513c0c4fe1eeaeaf829010a76f0a08e3fcaf266c1a0c2d5a2b4db6964840cd,US government public domain (EIA)
EIA-930 fuel-type-data,PJM/12,https://api.eia.gov/v2/electricity/rto/fuel-type-data/data/?api_key=<KEY>&facets%5Brespondent%5D%5B%5D=PJM&start=2024-01-01T00&end=2025-01-01T00&data%5B%5D=value&offset=60000&length=5000,2026-09-24T13:55:34.849399Z,data/raw/eia930/PJM_2024-01-01_2025-01-01_p12.json,870882,03f8f7349e04ca9155c06a782750aa47301129256cfb6c8f6c85043fac7baa3d,US government public domain (EIA)
EIA-930 fuel-type-data,PJM/13,https://api.eia.gov/v2/electricity/rto/fuel-type-data/data/?api_key=<KEY>&facets%5Brespondent%5D%5B%5D=PJM&start=2024-01-01T00&end=2025-01-01T00&data%5B%5D=value&offset=65000&length=5000,2026-09-24T13:55:37.701931Z,data/raw/eia930/PJM_2024-01-01_2025-01-01_p13.json,871477,58dfb05bed8017ec8ca8ff31dba8ce95be762f6e4cc40e20f9ddde07257bdf12,US government public domain (EIA)
EIA-930 fuel-type-data,PJM/14,https://api.eia.gov/v2/electricity/rto/fuel-type-data/data/?api_key=<KEY>&facets%5Brespondent%5D%5B%5D=PJM&start=2024-01-01T00&end=2025-01-01T00&data%5B%5D=value&offset=70000&length=5000,2026-09-24T13:55:39.690875Z,data/raw/eia930/PJM_2024-01-01_2025-01-01_p14.json,47747,a76a6ec7ece95e1aada0a0bd31f8ffac0db6e3e2313b235985935b192c0f3f7a,US government public domain (EIA)
https://archive-api.open-meteo.com/v1/archive?latitude=1.35&longitude=103.8&start_date=2023-01-01&end_date=2023-12-31&hourly=temperature_2m&timezone=GMT,"{'latitude': 1.35, 'longitude': 103.8, 'start_date': '2023-01-01', 'end_date': '2023-12-31', 'hourly': 'temperature_2m', 'timezone': 'GMT'}",/home/ubuntu/repos/wip/dst_sas_energy/simulations/../src/climate/../../data/raw/openmeteo/lat+1.35_lon+103.80_2023-01-01_2023-12-31.json,fbaf21bb51483119fab7d22a7c377c08af9b27dd5cc12407741850780e59aa77,210506,CC-BY 4.0 Open-Meteo (ECMWF ERA5-based reanalysis),2026-09-25T05:51:13.313552Z
https://archive-api.open-meteo.com/v1/archive?latitude=25.8&longitude=-80.2&start_date=2023-01-01&end_date=2023-12-31&hourly=temperature_2m&timezone=GMT,"{'latitude': 25.8, 'longitude': -80.2, 'start_date': '2023-01-01', 'end_date': '2023-12-31', 'hourly': 'temperature_2m', 'timezone': 'GMT'}",/home/ubuntu/repos/wip/dst_sas_energy/simulations/../src/climate/../../data/raw/openmeteo/lat+25.80_lon-80.20_2023-01-01_2023-12-31.json,3d3d1e45bb24394f37b19504a195347c66f19f78d4eda55116a5349be85692e2,210483,CC-BY 4.0 Open-Meteo (ECMWF ERA5-based reanalysis),2026-09-25T05:51:14.335128Z
https://archive-api.open-meteo.com/v1/archive?latitude=-33.9&longitude=151.2&start_date=2023-01-01&end_date=2023-12-31&hourly=temperature_2m&timezone=GMT,"{'latitude': -33.9, 'longitude': 151.2, 'start_date': '2023-01-01', 'end_date': '2023-12-31', 'hourly': 'temperature_2m', 'timezone': 'GMT'}",/home/ubuntu/repos/wip/dst_sas_energy/simulations/../src/climate/../../data/raw/openmeteo/lat-33.90_lon+151.20_2023-01-01_2023-12-31.json,8e9cde9c7aeb27febe668f2045e3ef5c474a2ffb44ade81b982230675aaf7343,209686,CC-BY 4.0 Open-Meteo (ECMWF ERA5-based reanalysis),2026-09-25T05:51:15.347368Z
https://archive-api.open-meteo.com/v1/archive?latitude=35.7&longitude=139.7&start_date=2023-01-01&end_date=2023-12-31&hourly=temperature_2m&timezone=GMT,"{'latitude': 35.7, 'longitude': 139.7, 'start_date': '2023-01-01', 'end_date': '2023-12-31', 'hourly': 'temperature_2m', 'timezone': 'GMT'}",/home/ubuntu/repos/wip/dst_sas_energy/simulations/../src/climate/../../data/raw/openmeteo/lat+35.70_lon+139.70_2023-01-01_2023-12-31.json,9f55aea34049666d74cda53693606fb70f448f0245703a1f2b4214c434b35a53,208367,CC-BY 4.0 Open-Meteo (ECMWF ERA5-based reanalysis),2026-09-25T05:51:16.358515Z
https://archive-api.open-meteo.com/v1/archive?latitude=33.4&longitude=-112.1&start_date=2023-01-01&end_date=2023-12-31&hourly=temperature_2m&timezone=GMT,"{'latitude': 33.4, 'longitude': -112.1, 'start_date': '2023-01-01', 'end_date': '2023-12-31', 'hourly': 'temperature_2m', 'timezone': 'GMT'}",/home/ubuntu/repos/wip/dst_sas_energy/simulations/../src/climate/../../data/raw/openmeteo/lat+33.40_lon-112.10_2023-01-01_2023-12-31.json,d6bb9388d18ff9abcaa5a0569334aa019b5a104fbf768be2088afef142d24050,209528,CC-BY 4.0 Open-Meteo (ECMWF ERA5-based reanalysis),2026-09-25T05:51:17.464359Z
https://archive-api.open-meteo.com/v1/archive?latitude=52.5&longitude=13.4&start_date=2023-01-01&end_date=2023-12-31&hourly=temperature_2m&timezone=GMT,"{'latitude': 52.5, 'longitude': 13.4, 'start_date': '2023-01-01', 'end_date': '2023-12-31', 'hourly': 'temperature_2m', 'timezone': 'GMT'}",/home/ubuntu/repos/wip/dst_sas_energy/simulations/../src/climate/../../data/raw/openmeteo/lat+52.50_lon+13.40_2023-01-01_2023-12-31.json,ad950756c6c3c9ea8653861ea8b43c65e06f90a82cdb3cf1e04bd56d37c75f91,207026,CC-BY 4.0 Open-Meteo (ECMWF ERA5-based reanalysis),2026-09-25T05:51:18.480904Z
https://archive-api.open-meteo.com/v1/archive?latitude=59.9&longitude=10.7&start_date=2023-01-01&end_date=2023-12-31&hourly=temperature_2m&timezone=GMT,"{'latitude': 59.9, 'longitude': 10.7, 'start_date': '2023-01-01', 'end_date': '2023-12-31', 'hourly': 'temperature_2m', 'timezone': 'GMT'}",/home/ubuntu/repos/wip/dst_sas_energy/simulations/../src/climate/../../data/raw/openmeteo/lat+59.90_lon+10.70_2023-01-01_2023-12-31.json,2f02170717be8189636c99674e7c2d6fe9f757272f8a5cb6197ee6018eb1de90,207809,CC-BY 4.0 Open-Meteo (ECMWF ERA5-based reanalysis),2026-09-25T05:51:19.538499Z
https://archive-api.open-meteo.com/v1/archive?latitude=-33.5&longitude=-70.7&start_date=2023-01-01&end_date=2023-12-31&hourly=temperature_2m&timezone=GMT,"{'latitude': -33.5, 'longitude': -70.7, 'start_date': '2023-01-01', 'end_date': '2023-12-31', 'hourly': 'temperature_2m', 'timezone': 'GMT'}",/home/ubuntu/repos/wip/dst_sas_energy/simulations/../src/climate/../../data/raw/openmeteo/lat-33.50_lon-70.70_2023-01-01_2023-12-31.json,4a69e1e61d568a60ec8fce17331f42add2aec949d316347ca3f57c9d42cb9e8f,209362,CC-BY 4.0 Open-Meteo (ECMWF ERA5-based reanalysis),2026-09-25T05:51:20.569882Z
https://archive-api.open-meteo.com/v1/archive?latitude=51.5&longitude=-0.1&start_date=2023-01-01&end_date=2023-12-31&hourly=temperature_2m&timezone=GMT,"{'latitude': 51.5, 'longitude': -0.1, 'start_date': '2023-01-01', 'end_date': '2023-12-31', 'hourly': 'temperature_2m', 'timezone': 'GMT'}",/home/ubuntu/repos/wip/dst_sas_energy/simulations/../src/climate/../../data/raw/openmeteo/lat+51.50_lon-0.10_2023-01-01_2023-12-31.json,a32763c86001a87ba4fce98c3fe03dc14fc0a2c75a73f2d6b7f612948561321f,207250,CC-BY 4.0 Open-Meteo (ECMWF ERA5-based reanalysis),2026-09-25T05:51:21.585472Z
https://archive-api.open-meteo.com/v1/archive?latitude=55.8&longitude=37.6&start_date=2023-01-01&end_date=2023-12-31&hourly=temperature_2m&timezone=GMT,"{'latitude': 55.8, 'longitude': 37.6, 'start_date': '2023-01-01', 'end_date': '2023-12-31', 'hourly': 'temperature_2m', 'timezone': 'GMT'}",/home/ubuntu/repos/wip/dst_sas_energy/simulations/../src/climate/../../data/raw/openmeteo/lat+55.80_lon+37.60_2023-01-01_2023-12-31.json,843ec794ee35057ea95a1f6cb578aa5efca8e3264339edda60fc7c8b6907a546,208670,CC-BY 4.0 Open-Meteo (ECMWF ERA5-based reanalysis),2026-09-25T05:51:22.610743Z
EIA-930 fuel-type-data,CISO/0,https://api.eia.gov/v2/electricity/rto/fuel-type-data/data/?api_key=<KEY>&facets%5Brespondent%5D%5B%5D=CISO&start=2024-01-01T00&end=2025-01-01T00&data%5B%5D=value&offset=0&length=5000,2026-09-25T05:52:00.926607Z,data/raw/eia930/CISO_2024-01-01_2025-01-01_p00.json,943442,dca332d0ccea9b0c99d5f5d05244513b95bdff16a2302efaaa93a06172e1c449,US government public domain (EIA)
EIA-930 fuel-type-data,CISO/1,https://api.eia.gov/v2/electricity/rto/fuel-type-data/data/?api_key=<KEY>&facets%5Brespondent%5D%5B%5D=CISO&start=2024-01-01T00&end=2025-01-01T00&data%5B%5D=value&offset=5000&length=5000,2026-09-25T05:52:03.159749Z,data/raw/eia930/CISO_2024-01-01_2025-01-01_p01.json,943544,1793bae3d1fa6414ec537a72991a92cf9d194a0088ac879c52994e4c80451a5c,US government public domain (EIA)
EIA-930 fuel-type-data,CISO/2,https://api.eia.gov/v2/electricity/rto/fuel-type-data/data/?api_key=<KEY>&facets%5Brespondent%5D%5B%5D=CISO&start=2024-01-01T00&end=2025-01-01T00&data%5B%5D=value&offset=10000&length=5000,2026-09-25T05:52:06.184274Z,data/raw/eia930/CISO_2024-01-01_2025-01-01_p02.json,943695,001634086d6a7fc770efba48a8ad8d4489013a770103ce92edb837485d0aacf8,US government public domain (EIA)
EIA-930 fuel-type-data,CISO/3,https://api.eia.gov/v2/electricity/rto/fuel-type-data/data/?api_key=<KEY>&facets%5Brespondent%5D%5B%5D=CISO&start=2024-01-01T00&end=2025-01-01T00&data%5B%5D=value&offset=15000&length=5000,2026-09-25T05:52:08.578675Z,data/raw/eia930/CISO_2024-01-01_2025-01-01_p03.json,943233,41f5e0bc3a8bdeb9921444d4e01a82b55eaf20696a4624ec77bf95dd99ab5192,US government public domain (EIA)
EIA-930 fuel-type-data,CISO/4,https://api.eia.gov/v2/electricity/rto/fuel-type-data/data/?api_key=<KEY>&facets%5Brespondent%5D%5B%5D=CISO&start=2024-01-01T00&end=2025-01-01T00&data%5B%5D=value&offset=20000&length=5000,2026-09-25T05:52:10.812908Z,data/raw/eia930/CISO_2024-01-01_2025-01-01_p04.json,943437,285e92b9e2137f8cee726698c30cb37d1e2ab688db39f2774cfb4c5515c58ca0,US government public domain (EIA)
EIA-930 fuel-type-data,CISO/5,https://api.eia.gov/v2/electricity/rto/fuel-type-data/data/?api_key=<KEY>&facets%5Brespondent%5D%5B%5D=CISO&start=2024-01-01T00&end=2025-01-01T00&data%5B%5D=value&offset=25000&length=5000,2026-09-25T05:52:13.948150Z,data/raw/eia930/CISO_2024-01-01_2025-01-01_p05.json,944049,8f1546578ea4908def4be39947b48db3c8b350302950e93c5707efd42a6bc322,US government public domain (EIA)
EIA-930 fuel-type-data,CISO/6,https://api.eia.gov/v2/electricity/rto/fuel-type-data/data/?api_key=<KEY>&facets%5Brespondent%5D%5B%5D=CISO&start=2024-01-01T00&end=2025-01-01T00&data%5B%5D=value&offset=30000&length=5000,2026-09-25T05:52:17.308963Z,data/raw/eia930/CISO_2024-01-01_2025-01-01_p06.json,943541,c9cb1f7d840602b0d7d1e6f2dd0a06978e1368607e25687177ccdb1798b58942,US government public domain (EIA)
EIA-930 fuel-type-data,CISO/7,https://api.eia.gov/v2/electricity/rto/fuel-type-data/data/?api_key=<KEY>&facets%5Brespondent%5D%5B%5D=CISO&start=2024-01-01T00&end=2025-01-01T00&data%5B%5D=value&offset=35000&length=5000,2026-09-25T05:52:20.388162Z,data/raw/eia930/CISO_2024-01-01_2025-01-01_p07.json,943248,f64187f77c5a9d72c815ee94d448ea22378bd3cd9b6e4f0958cfc699928405e7,US government public domain (EIA)
EIA-930 fuel-type-data,CISO/8,https://api.eia.gov/v2/electricity/rto/fuel-type-data/data/?api_key=<KEY>&facets%5Brespondent%5D%5B%5D=CISO&start=2024-01-01T00&end=2025-01-01T00&data%5B%5D=value&offset=40000&length=5000,2026-09-25T05:52:24.142327Z,data/raw/eia930/CISO_2024-01-01_2025-01-01_p08.json,943181,90c2c45cbae523ff990ac5ace651b015930e7127522bc2adf0a7622cec0156a5,US government public domain (EIA)
EIA-930 fuel-type-data,CISO/9,https://api.eia.gov/v2/electricity/rto/fuel-type-data/data/?api_key=<KEY>&facets%5Brespondent%5D%5B%5D=CISO&start=2024-01-01T00&end=2025-01-01T00&data%5B%5D=value&offset=45000&length=5000,2026-09-25T05:52:28.838926Z,data/raw/eia930/CISO_2024-01-01_2025-01-01_p09.json,942858,526ad4b5ebe70b3ed612679c47b7e0363116f0c61dc74edc15b968a24258fd60,US government public domain (EIA)
EIA-930 fuel-type-data,CISO/10,https://api.eia.gov/v2/electricity/rto/fuel-type-data/data/?api_key=<KEY>&facets%5Brespondent%5D%5B%5D=CISO&start=2024-01-01T00&end=2025-01-01T00&data%5B%5D=value&offset=50000&length=5000,2026-09-25T05:52:32.713549Z,data/raw/eia930/CISO_2024-01-01_2025-01-01_p10.json,942798,dd827c7675e93186a28cdb1ee62635f4355dd2d6d67e767f4e8656d685cd4a52,US government public domain (EIA)
EIA-930 fuel-type-data,CISO/11,https://api.eia.gov/v2/electricity/rto/fuel-type-data/data/?api_key=<KEY>&facets%5Brespondent%5D%5B%5D=CISO&start=2024-01-01T00&end=2025-01-01T00&data%5B%5D=value&offset=55000&length=5000,2026-09-25T05:52:36.142040Z,data/raw/eia930/CISO_2024-01-01_2025-01-01_p11.json,942660,badec005702b30c974155cce87a2a2434a3409ddb738830bed038257d13d5ce2,US government public domain (EIA)
EIA-930 fuel-type-data,CISO/12,https://api.eia.gov/v2/electricity/rto/fuel-type-data/data/?api_key=<KEY>&facets%5Brespondent%5D%5B%5D=CISO&start=2024-01-01T00&end=2025-01-01T00&data%5B%5D=value&offset=60000&length=5000,2026-09-25T05:52:39.966526Z,data/raw/eia930/CISO_2024-01-01_2025-01-01_p12.json,942751,20ec7fea817e85b21ea72c7ebbf1daee49bee2356f2780226f2bdcbb3f381e68,US government public domain (EIA)
EIA-930 fuel-type-data,CISO/13,https://api.eia.gov/v2/electricity/rto/fuel-type-data/data/?api_key=<KEY>&facets%5Brespondent%5D%5B%5D=CISO&start=2024-01-01T00&end=2025-01-01T00&data%5B%5D=value&offset=65000&length=5000,2026-09-25T05:52:42.610484Z,data/raw/eia930/CISO_2024-01-01_2025-01-01_p13.json,943101,17e9acbca076fac82602c22cc67c5566e8a783add6504098c9378a36f67f679d,US government public domain (EIA)
EIA-930 fuel-type-data,CISO/14,https://api.eia.gov/v2/electricity/rto/fuel-type-data/data/?api_key=<KEY>&facets%5Brespondent%5D%5B%5D=CISO&start=2024-01-01T00&end=2025-01-01T00&data%5B%5D=value&offset=70000&length=5000,2026-09-25T05:52:44.727125Z,data/raw/eia930/CISO_2024-01-01_2025-01-01_p14.json,14844,426b553c9b5481dddacb4c82500057dd3852e6461c9e3fcf06decd298bf07b81,US government public domain (EIA)
EIA-930 fuel-type-data,NYIS/0,https://api.eia.gov/v2/electricity/rto/fuel-type-data/data/?api_key=<KEY>&facets%5Brespondent%5D%5B%5D=NYIS&start=2024-01-01T00&end=2025-01-01T00&data%5B%5D=value&offset=0&length=5000,2026-09-25T05:52:47.922953Z,data/raw/eia930/NYIS_2024-01-01_2025-01-01_p00.json,929807,e32093204a816764f68a72afcd623b33571eec4081be326f3ea8e885784aa0d3,US government public domain (EIA)
EIA-930 fuel-type-data,NYIS/1,https://api.eia.gov/v2/electricity/rto/fuel-type-data/data/?api_key=<KEY>&facets%5Brespondent%5D%5B%5D=NYIS&start=2024-01-01T00&end=2025-01-01T00&data%5B%5D=value&offset=5000&length=5000,2026-09-25T05:52:50.010989Z,data/raw/eia930/NYIS_2024-01-01_2025-01-01_p01.json,929801,ba8591a7b5899db7fd23e25d2ec44a03da01f8ac791454613848d6d2eb8a698e,US government public domain (EIA)
EIA-930 fuel-type-data,NYIS/2,https://api.eia.gov/v2/electricity/rto/fuel-type-data/data/?api_key=<KEY>&facets%5Brespondent%5D%5B%5D=NYIS&start=2024-01-01T00&end=2025-01-01T00&data%5B%5D=value&offset=10000&length=5000,2026-09-25T05:52:53.711041Z,data/raw/eia930/NYIS_2024-01-01_2025-01-01_p02.json,929877,87b63bb3301cb190afdcfa0de23e8b9a7af8bd46f0e2056a3a71cb244bb801eb,US government public domain (EIA)
EIA-930 fuel-type-data,NYIS/3,https://api.eia.gov/v2/electricity/rto/fuel-type-data/data/?api_key=<KEY>&facets%5Brespondent%5D%5B%5D=NYIS&start=2024-01-01T00&end=2025-01-01T00&data%5B%5D=value&offset=15000&length=5000,2026-09-25T05:52:56.414180Z,data/raw/eia930/NYIS_2024-01-01_2025-01-01_p03.json,928857,6455aa88e33bdf1b7ae7867ccb9c0b83d45aa1000367b03cbbb125c112b766fc,US government public domain (EIA)
EIA-930 fuel-type-data,NYIS/4,https://api.eia.gov/v2/electricity/rto/fuel-type-data/data/?api_key=<KEY>&facets%5Brespondent%5D%5B%5D=NYIS&start=2024-01-01T00&end=2025-01-01T00&data%5B%5D=value&offset=20000&length=5000,2026-09-25T05:53:01.006562Z,data/raw/eia930/NYIS_2024-01-01_2025-01-01_p04.json,929559,688e9e85dec078186a0d4e552975eceba1d1ca327b17b7cb435194ee4fef0635,US government public domain (EIA)
EIA-930 fuel-type-data,NYIS/5,https://api.eia.gov/v2/electricity/rto/fuel-type-data/data/?api_key=<KEY>&facets%5Brespondent%5D%5B%5D=NYIS&start=2024-01-01T00&end=2025-01-01T00&data%5B%5D=value&offset=25000&length=5000,2026-09-25T05:53:04.654128Z,data/raw/eia930/NYIS_2024-01-01_2025-01-01_p05.json,930062,c2ca612910a58b5b4be926c36afa9d4de27485c824b437a2cb49ab98aacbef55,US government public domain (EIA)
EIA-930 fuel-type-data,NYIS/6,https://api.eia.gov/v2/electricity/rto/fuel-type-data/data/?api_key=<KEY>&facets%5Brespondent%5D%5B%5D=NYIS&start=2024-01-01T00&end=2025-01-01T00&data%5B%5D=value&offset=30000&length=5000,2026-09-25T05:53:06.917632Z,data/raw/eia930/NYIS_2024-01-01_2025-01-01_p06.json,930289,5f5874858d36ab582f75aaa5299e7fe2b9d4392440aa04ceb7262bd54eebd532,US government public domain (EIA)
EIA-930 fuel-type-data,NYIS/7,https://api.eia.gov/v2/electricity/rto/fuel-type-data/data/?api_key=<KEY>&facets%5Brespondent%5D%5B%5D=NYIS&start=2024-01-01T00&end=2025-01-01T00&data%5B%5D=value&offset=35000&length=5000,2026-09-25T05:53:09.394169Z,data/raw/eia930/NYIS_2024-01-01_2025-01-01_p07.json,930013,3568270bccf6a7d667bd80271533c210886e9b9eb51617ae7dd419312e3dd2ac,US government public domain (EIA)
EIA-930 fuel-type-data,NYIS/8,https://api.eia.gov/v2/electricity/rto/fuel-type-data/data/?api_key=<KEY>&facets%5Brespondent%5D%5B%5D=NYIS&start=2024-01-01T00&end=2025-01-01T00&data%5B%5D=value&offset=40000&length=5000,2026-09-25T05:53:12.808674Z,data/raw/eia930/NYIS_2024-01-01_2025-01-01_p08.json,929682,f82545ce8ae5b5868db4500c100bb4c88f3d6f6d9cf35140c7cf8ad60dc42c16,US government public domain (EIA)
EIA-930 fuel-type-data,NYIS/9,https://api.eia.gov/v2/electricity/rto/fuel-type-data/data/?api_key=<KEY>&facets%5Brespondent%5D%5B%5D=NYIS&start=2024-01-01T00&end=2025-01-01T00&data%5B%5D=value&offset=45000&length=5000,2026-09-25T05:53:15.759907Z,data/raw/eia930/NYIS_2024-01-01_2025-01-01_p09.json,929684,60c482f6f23a5ddce4229cdafc555094283be71884e7aaa148da8a3d336c2657,US government public domain (EIA)
EIA-930 fuel-type-data,NYIS/10,https://api.eia.gov/v2/electricity/rto/fuel-type-data/data/?api_key=<KEY>&facets%5Brespondent%5D%5B%5D=NYIS&start=2024-01-01T00&end=2025-01-01T00&data%5B%5D=value&offset=50000&length=5000,2026-09-25T05:53:18.911981Z,data/raw/eia930/NYIS_2024-01-01_2025-01-01_p10.json,929780,82f93c53d7a35813c06cafa199ac4626b709f51620fd2f7dc493a4a147061597,US government public domain (EIA)
EIA-930 fuel-type-data,NYIS/11,https://api.eia.gov/v2/electricity/rto/fuel-type-data/data/?api_key=<KEY>&facets%5Brespondent%5D%5B%5D=NYIS&start=2024-01-01T00&end=2025-01-01T00&data%5B%5D=value&offset=55000&length=5000,2026-09-25T05:53:21.349768Z,data/raw/eia930/NYIS_2024-01-01_2025-01-01_p11.json,929789,a133c9a2664e966a814d2948f84bb65bb0270f2bdfd487e91fc0f0476d7b947c,US government public domain (EIA)
EIA-930 fuel-type-data,NYIS/12,https://api.eia.gov/v2/electricity/rto/fuel-type-data/data/?api_key=<KEY>&facets%5Brespondent%5D%5B%5D=NYIS&start=2024-01-01T00&end=2025-01-01T00&data%5B%5D=value&offset=60000&length=5000,2026-09-25T05:53:25.075468Z,data/raw/eia930/NYIS_2024-01-01_2025-01-01_p12.json,929692,4d17c0dede51420384a937c1a0c605f17b355b6cec889df08cf6115f75a85b7c,US government public domain (EIA)
EIA-930 fuel-type-data,NYIS/13,https://api.eia.gov/v2/electricity/rto/fuel-type-data/data/?api_key=<KEY>&facets%5Brespondent%5D%5B%5D=NYIS&start=2024-01-01T00&end=2025-01-01T00&data%5B%5D=value&offset=65000&length=5000,2026-09-25T05:53:28.236100Z,data/raw/eia930/NYIS_2024-01-01_2025-01-01_p13.json,929740,73da8098122eeb46d6c691c986bf891c74bb3165e59509884477f22d776950a6,US government public domain (EIA)
EIA-930 fuel-type-data,NYIS/14,https://api.eia.gov/v2/electricity/rto/fuel-type-data/data/?api_key=<KEY>&facets%5Brespondent%5D%5B%5D=NYIS&start=2024-01-01T00&end=2025-01-01T00&data%5B%5D=value&offset=70000&length=5000,2026-09-25T05:53:30.172888Z,data/raw/eia930/NYIS_2024-01-01_2025-01-01_p14.json,47907,d78fb15380cc3781032a28c47d51e6a8a12fc71301fabd525bf506a7f4e34891,US government public domain (EIA)
EIA-930 fuel-type-data,PJM/0,https://api.eia.gov/v2/electricity/rto/fuel-type-data/data/?api_key=<KEY>&facets%5Brespondent%5D%5B%5D=PJM&start=2024-01-01T00&end=2025-01-01T00&data%5B%5D=value&offset=0&length=5000,2026-09-25T05:53:32.003657Z,data/raw/eia930/PJM_2024-01-01_2025-01-01_p00.json,870989,ef7449c67f8ce346cc6268a946e3a7ab59fd0ae1872e9d1f062aeb9843321c12,US government public domain (EIA)
EIA-930 fuel-type-data,PJM/1,https://api.eia.gov/v2/electricity/rto/fuel-type-data/data/?api_key=<KEY>&facets%5Brespondent%5D%5B%5D=PJM&start=2024-01-01T00&end=2025-01-01T00&data%5B%5D=value&offset=5000&length=5000,2026-09-25T05:53:34.323188Z,data/raw/eia930/PJM_2024-01-01_2025-01-01_p01.json,870990,076a9c7eab0540bcaefd0b2b05a455051b33065c05eadcba7f3ad91f2d3c9f07,US government public domain (EIA)
EIA-930 fuel-type-data,PJM/2,https://api.eia.gov/v2/electricity/rto/fuel-type-data/data/?api_key=<KEY>&facets%5Brespondent%5D%5B%5D=PJM&start=2024-01-01T00&end=2025-01-01T00&data%5B%5D=value&offset=10000&length=5000,2026-09-25T05:53:37.640003Z,data/raw/eia930/PJM_2024-01-01_2025-01-01_p02.json,870912,7bb23565a0ec853b048c0160873f6b8816d1af32af890387c0eebfc9d8773e13,US government public domain (EIA)
EIA-930 fuel-type-data,PJM/3,https://api.eia.gov/v2/electricity/rto/fuel-type-data/data/?api_key=<KEY>&facets%5Brespondent%5D%5B%5D=PJM&start=2024-01-01T00&end=2025-01-01T00&data%5B%5D=value&offset=15000&length=5000,2026-09-25T05:53:40.014582Z,data/raw/eia930/PJM_2024-01-01_2025-01-01_p03.json,870809,afc630db49328ee5923d04e311d1281e5b1c1c1aecaeba8ff7ba49f426563179,US government public domain (EIA)
EIA-930 fuel-type-data,PJM/4,https://api.eia.gov/v2/electricity/rto/fuel-type-data/data/?api_key=<KEY>&facets%5Brespondent%5D%5B%5D=PJM&start=2024-01-01T00&end=2025-01-01T00&data%5B%5D=value&offset=20000&length=5000,2026-09-25T05:53:43.054484Z,data/raw/eia930/PJM_2024-01-01_2025-01-01_p04.json,871035,d2dae83006bf0e1abb696fad031464c75b02aea1d47df283a8069610eb125a5f,US government public domain (EIA)
EIA-930 fuel-type-data,PJM/5,https://api.eia.gov/v2/electricity/rto/fuel-type-data/data/?api_key=<KEY>&facets%5Brespondent%5D%5B%5D=PJM&start=2024-01-01T00&end=2025-01-01T00&data%5B%5D=value&offset=25000&length=5000,2026-09-25T05:53:45.310625Z,data/raw/eia930/PJM_2024-01-01_2025-01-01_p05.json,871487,5b3a24110969e48d11095332297e28ca70f265f3ec19f5ddd0a18ec5dea28dba,US government public domain (EIA)
EIA-930 fuel-type-data,PJM/6,https://api.eia.gov/v2/electricity/rto/fuel-type-data/data/?api_key=<KEY>&facets%5Brespondent%5D%5B%5D=PJM&start=2024-01-01T00&end=2025-01-01T00&data%5B%5D=value&offset=30000&length=5000,2026-09-25T05:53:47.647566Z,data/raw/eia930/PJM_2024-01-01_2025-01-01_p06.json,871457,30838363ce4710b9a9b2acb588b262e831a476fed38a65ac24a9c664e8f0197e,US government public domain (EIA)
EIA-930 fuel-type-data,PJM/7,https://api.eia.gov/v2/electricity/rto/fuel-type-data/data/?api_key=<KEY>&facets%5Brespondent%5D%5B%5D=PJM&start=2024-01-01T00&end=2025-01-01T00&data%5B%5D=value&offset=35000&length=5000,2026-09-25T05:53:52.678652Z,data/raw/eia930/PJM_2024-01-01_2025-01-01_p07.json,871675,d47b29a6ee0860195ca59e3dc3e6877c88cc708c3b534d91bd01607041188f88,US government public domain (EIA)
EIA-930 fuel-type-data,PJM/8,https://api.eia.gov/v2/electricity/rto/fuel-type-data/data/?api_key=<KEY>&facets%5Brespondent%5D%5B%5D=PJM&start=2024-01-01T00&end=2025-01-01T00&data%5B%5D=value&offset=40000&length=5000,2026-09-25T05:53:55.613574Z,data/raw/eia930/PJM_2024-01-01_2025-01-01_p08.json,871876,df5b2b47ab881a32edfdde28ef47987f81e5c036598d86c8b7fda4975bc18780,US government public domain (EIA)
EIA-930 fuel-type-data,PJM/9,https://api.eia.gov/v2/electricity/rto/fuel-type-data/data/?api_key=<KEY>&facets%5Brespondent%5D%5B%5D=PJM&start=2024-01-01T00&end=2025-01-01T00&data%5B%5D=value&offset=45000&length=5000,2026-09-25T05:53:57.954507Z,data/raw/eia930/PJM_2024-01-01_2025-01-01_p09.json,871738,a32d6ef7b7540d6847bd9b5cdd9d22b1859f06dfe23f3c74838b297af0380793,US government public domain (EIA)
EIA-930 fuel-type-data,PJM/10,https://api.eia.gov/v2/electricity/rto/fuel-type-data/data/?api_key=<KEY>&facets%5Brespondent%5D%5B%5D=PJM&start=2024-01-01T00&end=2025-01-01T00&data%5B%5D=value&offset=50000&length=5000,2026-09-25T05:54:02.149643Z,data/raw/eia930/PJM_2024-01-01_2025-01-01_p10.json,871357,33f107031bf073aaf4cd366ab2f0fcfe679443f586002112a69bd79c034d6bb1,US government public domain (EIA)
EIA-930 fuel-type-data,PJM/11,https://api.eia.gov/v2/electricity/rto/fuel-type-data/data/?api_key=<KEY>&facets%5Brespondent%5D%5B%5D=PJM&start=2024-01-01T00&end=2025-01-01T00&data%5B%5D=value&offset=55000&length=5000,2026-09-25T05:54:05.533515Z,data/raw/eia930/PJM_2024-01-01_2025-01-01_p11.json,870400,80513c0c4fe1eeaeaf829010a76f0a08e3fcaf266c1a0c2d5a2b4db6964840cd,US government public domain (EIA)
EIA-930 fuel-type-data,PJM/12,https://api.eia.gov/v2/electricity/rto/fuel-type-data/data/?api_key=<KEY>&facets%5Brespondent%5D%5B%5D=PJM&start=2024-01-01T00&end=2025-01-01T00&data%5B%5D=value&offset=60000&length=5000,2026-09-25T05:54:08.161446Z,data/raw/eia930/PJM_2024-01-01_2025-01-01_p12.json,870882,03f8f7349e04ca9155c06a782750aa47301129256cfb6c8f6c85043fac7baa3d,US government public domain (EIA)
EIA-930 fuel-type-data,PJM/13,https://api.eia.gov/v2/electricity/rto/fuel-type-data/data/?api_key=<KEY>&facets%5Brespondent%5D%5B%5D=PJM&start=2024-01-01T00&end=2025-01-01T00&data%5B%5D=value&offset=65000&length=5000,2026-09-25T05:54:10.244736Z,data/raw/eia930/PJM_2024-01-01_2025-01-01_p13.json,871477,58dfb05bed8017ec8ca8ff31dba8ce95be762f6e4cc40e20f9ddde07257bdf12,US government public domain (EIA)
EIA-930 fuel-type-data,PJM/14,https://api.eia.gov/v2/electricity/rto/fuel-type-data/data/?api_key=<KEY>&facets%5Brespondent%5D%5B%5D=PJM&start=2024-01-01T00&end=2025-01-01T00&data%5B%5D=value&offset=70000&length=5000,2026-09-25T05:54:12.225781Z,data/raw/eia930/PJM_2024-01-01_2025-01-01_p14.json,47747,a76a6ec7ece95e1aada0a0bd31f8ffac0db6e3e2313b235985935b192c0f3f7a,US government public domain (EIA)
