lat,archetype,dE_pct,dE_heat,dE_cool,dE_light,dE_other,E_annual
30,poor_env_lowmass,0.1686394612173463,-1.4531719121368951,13.873951987984356,0.2942470490287974,0.0,7539.769774577388
30,poor_env_highmass,0.21044195741857266,-0.7265859560684476,13.873951987984356,0.2942470490287974,0.0,6387.325629275245
30,typical,0.2263204788409378,-0.18837413675839798,12.07033822954645,0.2942470490287974,0.0,5380.0748408513755
30,efficient_hp,0.11744459895444043,-0.18452976662052833,5.5495807951937195,0.2942470490287974,0.0,4818.69590256482
30,gas_heated_noAC,0.00725920808228739,0.0,0.0,0.2942470490287974,0.0,4053.431802662095
30,warm_climate_home,0.24508954551283216,-0.1614635457929694,13.180254388585126,0.2942470490287974,0.0,5431.907698863583
45,poor_env_lowmass,-0.12340565649355459,-27.791306250590424,7.610841768737146,0.2802065330157575,0.0,16125.887997586506
45,poor_env_highmass,-0.05827568031537056,-13.895653125295212,7.610841768737146,0.2802065330157575,0.0,10303.79189234417
45,typical,0.05558262107259546,-3.6025767361879844,6.621432338801355,0.2802065330157575,0.0,5935.42023022
45,efficient_hp,-0.0035859019531515046,-3.529054761979978,3.0443367074948924,0.2802065330157575,0.0,5703.210074940157
45,gas_heated_noAC,0.006913262510219284,0.0,0.0,0.2802065330157575,0.0,4053.17362969276
45,warm_climate_home,0.07686010438441988,-3.0879229167323956,7.230299680300391,0.2802065330157575,0.0,5754.068813729676
