wake_dark_cap,max_shift,dE_daily,infeasible_day_frac,infeasible_month_frac,infeasible_season_frac,retention_monthly,retention_seasonal,retention_threshold
0.0,0.5,0.08623360700526521,0.0,0.0,0.0,1.5536888203275407,2.5699244526437846,1.0
0.0,1.0,0.03135973272627234,0.0,0.0,0.0,3.0259290286595086,5.9595162734950575,1.0
0.0,1.5,-0.01602670285903917,0.0,0.0,0.0,-3.0757847243339116,-10.24996843145283,1.0
0.0,2.0,-0.028243981022494848,0.0,0.0,0.0,-1.347464449040086,-5.585285801489933,1.0
0.25,0.5,0.050226416754573774,0.0,0.0,0.0,2.66752437856118,4.412296747454606,1.0
0.25,1.0,-0.018985463013593107,0.0,0.0,0.0,-4.998157038334572,-9.843786131571715,1.0
0.25,1.5,-0.06715100865548473,0.0,0.0,0.0,-0.7340870795876725,-2.4463251059745454,1.0
0.25,2.0,-0.08168037190709172,0.0,0.0,0.0,-0.465935198856145,-1.9313171879521673,1.0
0.5,0.5,0.0017198379084575116,0.0,0.0,0.0,26.786362078051795,128.85740812706382,1.0
0.5,1.0,-0.08277590685217677,0.0,0.0,0.0,-0.08432810516711936,-2.2577685297779486,1.0
0.5,1.5,-0.13198927414426717,0.0,0.0,0.0,0.29257909496225043,-1.2445950584277938,1.0
0.5,2.0,-0.15035015316447306,0.0,0.0,0.0,0.331587489820508,-1.0492221182503407,1.0
0.75,0.5,-0.06465407904800745,0.0,0.0,0.0,0.9382334428804232,0.5808902112982214,1.0
0.75,1.0,-0.16474794134766108,0.0,0.0,0.0,0.9018873665202793,0.4387425956041846,1.0
0.75,1.5,-0.2152366290398709,0.0,0.0,0.0,0.9021778754855753,0.440898832972221,1.0
0.75,2.0,-0.2370909419769196,0.0,0.0,0.0,0.9055449777676318,0.42776864393816316,1.0
1.0,0.5,-0.08901228751043193,0.0,0.0,0.0,0.9741366473363966,0.8234403545545257,1.0
1.0,1.0,-0.20703621381009243,0.0,0.0,0.0,0.8434930097182493,0.5217508829359376,1.0
1.0,1.5,-0.2587790035842983,0.0,0.0,0.0,0.8510398208863679,0.5048205793165251,1.0
1.0,2.0,-0.284414565157413,0.0,0.0,0.0,0.846461656398711,0.482251879791742,1.0
1.5,0.5,-0.08901228751043193,0.0,0.0,0.0,0.9741366473363966,0.8234403545545257,1.0
1.5,1.0,-0.2538802227268656,0.0,0.0,0.0,0.8928700512797203,0.42548145812579863,1.0
1.5,1.5,-0.30834016722259944,0.0,0.0,0.0,0.9063648572096603,0.4236780685471578,1.0
1.5,2.0,-0.34890577924224403,0.0,0.0,0.0,0.8597836337240818,0.39311317509614524,1.0
2.0,0.5,-0.08901228751043193,0.0,0.0,0.0,0.9741366473363966,0.8234403545545257,1.0
2.0,1.0,-0.29446924391869017,0.0,0.0,0.0,0.9763020268835995,0.8990768846982016,1.0
2.0,1.5,-0.36117268949066855,0.0,0.0,0.0,0.979640216441569,0.8487343355239018,1.0
2.0,2.0,-0.4428339370953369,0.0,0.0,0.0,0.9829954993271875,0.8327425762987832,1.0
