wake_dark_cap,max_shift,variant,dE_pct
0.0,0.5,daily,0.08623360700526521
0.0,0.5,monthly,0.13398019114059925
0.0,0.5,seasonal,0.2216138552825054
0.0,0.5,threshold,0.08623360700526521
0.0,1.0,daily,0.03135973272627234
0.0,1.0,monthly,0.09489232558743108
0.0,1.0,seasonal,0.18688883751467558
0.0,1.0,threshold,0.03135973272627234
0.0,1.5,daily,-0.01602670285903917
0.0,1.5,monthly,0.0492946878352713
0.0,1.5,seasonal,0.16427319836542628
0.0,1.5,threshold,-0.01602670285903917
0.0,2.0,daily,-0.028243981022494848
0.0,2.0,monthly,0.038057760327174665
0.0,2.0,seasonal,0.1577507061824916
0.0,2.0,threshold,-0.028243981022494848
0.25,0.5,daily,0.050226416754573774
0.25,0.5,monthly,0.13398019114059925
0.25,0.5,seasonal,0.2216138552825054
0.25,0.5,threshold,0.050226416754573774
0.25,1.0,daily,-0.018985463013593107
0.25,1.0,monthly,0.09489232558743108
0.25,1.0,seasonal,0.18688883751467558
0.25,1.0,threshold,-0.018985463013593107
0.25,1.5,daily,-0.06715100865548473
0.25,1.5,monthly,0.0492946878352713
0.25,1.5,seasonal,0.16427319836542628
0.25,1.5,threshold,-0.06715100865548473
0.25,2.0,daily,-0.08168037190709172
0.25,2.0,monthly,0.038057760327174665
0.25,2.0,seasonal,0.1577507061824916
0.25,2.0,threshold,-0.08168037190709172
0.5,0.5,daily,0.0017198379084575116
0.5,0.5,monthly,0.046068200931502205
0.5,0.5,seasonal,0.2216138552825054
0.5,0.5,threshold,0.0017198379084575116
0.5,1.0,daily,-0.08277590685217677
0.5,1.0,monthly,0.006980335378334038
0.5,1.0,seasonal,0.18688883751467558
0.5,1.0,threshold,-0.08277590685217677
0.5,1.5,daily,-0.13198927414426717
0.5,1.5,monthly,-0.03861730237385405
0.5,1.5,seasonal,0.16427319836542628
0.5,1.5,threshold,-0.13198927414426717
0.5,2.0,daily,-0.15035015316447306
0.5,2.0,monthly,-0.04985422988193654
0.5,2.0,seasonal,0.1577507061824916
0.5,2.0,threshold,-0.15035015316447306
0.75,0.5,daily,-0.06465407904800745
0.75,0.5,monthly,-0.06066061918147506
0.75,0.5,seasonal,-0.037556921639488955
0.75,0.5,threshold,-0.06465407904800745
0.75,1.0,daily,-0.16474794134766108
0.75,1.0,monthly,-0.1485840869616795
0.75,1.0,seasonal,-0.0722819394073188
0.75,1.0,threshold,-0.16474794134766108
0.75,1.5,daily,-0.2152366290398709
0.75,1.5,monthly,-0.19418172471386758
0.75,1.5,seasonal,-0.09489757855655392
0.75,1.5,threshold,-0.2152366290398709
0.75,2.0,daily,-0.2370909419769196
0.75,2.0,monthly,-0.21469651178139654
0.75,2.0,seasonal,-0.10142007073948862
0.75,2.0,threshold,-0.2370909419769196
1.0,0.5,daily,-0.08901228751043193
1.0,0.5,monthly,-0.08671013132715558
1.0,0.5,seasonal,-0.07329630958729945
1.0,0.5,threshold,-0.08901228751043193
1.0,1.0,daily,-0.20703621381009243
1.0,1.0,monthly,-0.17463359910734585
1.0,1.0,seasonal,-0.10802132735512929
1.0,1.0,threshold,-0.20703621381009243
1.0,1.5,daily,-0.2587790035842983
1.0,1.5,monthly,-0.22023123685953394
1.0,1.5,seasonal,-0.1306369665043786
1.0,1.5,threshold,-0.2587790035842983
1.0,2.0,daily,-0.284414565157413
1.0,2.0,monthly,-0.24074602392706287
1.0,2.0,seasonal,-0.13715945868731327
1.0,2.0,threshold,-0.284414565157413
1.5,0.5,daily,-0.08901228751043193
1.5,0.5,monthly,-0.08671013132715558
1.5,0.5,seasonal,-0.07329630958729945
1.5,0.5,threshold,-0.08901228751043193
1.5,1.0,daily,-0.2538802227268656
1.5,1.0,monthly,-0.2266820474850433
1.5,1.0,seasonal,-0.10802132735512929
1.5,1.0,threshold,-0.2538802227268656
1.5,1.5,daily,-0.30834016722259944
1.5,1.5,monthly,-0.2794686916367141
1.5,1.5,seasonal,-0.1306369665043786
1.5,1.5,threshold,-0.30834016722259944
1.5,2.0,daily,-0.34890577924224403
1.5,2.0,monthly,-0.2999834787042289
1.5,2.0,seasonal,-0.13715945868731327
1.5,2.0,threshold,-0.34890577924224403
2.0,0.5,daily,-0.08901228751043193
2.0,0.5,monthly,-0.08671013132715558
2.0,0.5,seasonal,-0.07329630958729945
2.0,0.5,threshold,-0.08901228751043193
2.0,1.0,daily,-0.29446924391869017
2.0,1.0,monthly,-0.28749091969269824
2.0,1.0,seasonal,-0.2647504904618508
2.0,1.0,threshold,-0.29446924391869017
2.0,1.5,daily,-0.36117268949066855
2.0,1.5,monthly,-0.3538192917054221
2.0,1.5,seasonal,-0.30653966262424304
2.0,1.5,threshold,-0.36117268949066855
2.0,2.0,daily,-0.4428339370953369
2.0,2.0,monthly,-0.43530376711405505
2.0,2.0,seasonal,-0.3687666736493042
2.0,2.0,threshold,-0.4428339370953369
