lat,warming,ac_prevalence,p_light_scale,cop_cool,cop_heat,heat_electric_share,objective,variant,retention,ben_daily,ben
20,0,0.25,0.55,3.0,2.5,0.5,energy,monthly,0.984703735562242,9.8069403042864,9.656930752066728
20,0,0.25,0.55,3.0,2.5,0.5,energy,seasonal,0.9024875208297857,9.8069403042864,8.850641242141137
20,0,0.25,0.55,3.0,2.5,0.5,energy,threshold,0.979343234555539,9.8069403042864,9.604360638692924
20,0,0.25,0.55,3.0,2.5,0.5,carbon,monthly,0.9944150591613672,8.562805723664496,8.514982960285124
20,0,0.25,0.55,3.0,2.5,0.5,carbon,seasonal,0.9891943705059332,8.562805723664496,8.470279217584903
20,0,0.25,0.55,3.0,2.5,0.5,carbon,threshold,1.11863932539637,8.562805723664496,9.578691218220229
20,0,0.25,0.55,3.0,2.5,0.5,morning,monthly,0.984703735562242,9.8069403042864,9.656930752066728
20,0,0.25,0.55,3.0,2.5,0.5,morning,seasonal,0.9024875208297857,9.8069403042864,8.850641242141137
20,0,0.25,0.55,3.0,2.5,0.5,morning,threshold,0.979343234555539,9.8069403042864,9.604360638692924
20,0,0.75,0.55,3.0,2.5,0.5,energy,monthly,0.9960852082498289,33.56261084801008,33.43122021594809
20,0,0.75,0.55,3.0,2.5,0.5,energy,seasonal,0.9653159024975535,33.56261084801008,32.39852198092103
20,0,0.75,0.55,3.0,2.5,0.5,energy,threshold,0.9956259626066052,33.56261084801008,33.415806733140926
20,0,0.75,0.55,3.0,2.5,0.5,carbon,monthly,0.9994232498038759,33.23867839076593,33.21950797648515
20,0,0.75,0.55,3.0,2.5,0.5,carbon,seasonal,0.9747235314242128,33.23867839076593,32.39852198092103
20,0,0.75,0.55,3.0,2.5,0.5,carbon,threshold,1.0,33.23867839076593,33.23867839076593
20,0,0.75,0.55,3.0,2.5,0.5,morning,monthly,0.9960852082498289,33.56261084801008,33.43122021594809
20,0,0.75,0.55,3.0,2.5,0.5,morning,seasonal,0.9653159024975535,33.56261084801008,32.39852198092103
20,0,0.75,0.55,3.0,2.5,0.5,morning,threshold,0.9956259626066052,33.56261084801008,33.415806733140926
20,2,0.25,0.55,3.0,2.5,0.5,energy,monthly,0.9975002122788893,11.425754204367877,11.397192244303369
20,2,0.25,0.55,3.0,2.5,0.5,energy,seasonal,0.9796006073873177,11.425754204367877,11.192675758456971
20,2,0.25,0.55,3.0,2.5,0.5,energy,threshold,0.9558600114791197,11.425754204367877,10.921421544944678
20,2,0.25,0.55,3.0,2.5,0.5,carbon,monthly,0.9976195373515481,11.42438757220043,11.397192244303369
20,2,0.25,0.55,3.0,2.5,0.5,carbon,seasonal,0.9797177912357161,11.42438757220043,11.192675758456971
20,2,0.25,0.55,3.0,2.5,0.5,carbon,threshold,1.0,11.42438757220043,11.42438757220043
20,2,0.25,0.55,3.0,2.5,0.5,morning,monthly,0.9975002122788893,11.425754204367877,11.397192244303369
20,2,0.25,0.55,3.0,2.5,0.5,morning,seasonal,0.9796006073873177,11.425754204367877,11.192675758456971
20,2,0.25,0.55,3.0,2.5,0.5,morning,threshold,0.9558600114791197,11.425754204367877,10.921421544944678
20,2,0.75,0.55,3.0,2.5,0.5,energy,monthly,1.0,41.062236135683634,41.062236135683634
20,2,0.75,0.55,3.0,2.5,0.5,energy,seasonal,1.0,41.062236135683634,41.062236135683634
20,2,0.75,0.55,3.0,2.5,0.5,energy,threshold,1.0,41.062236135683634,41.062236135683634
20,2,0.75,0.55,3.0,2.5,0.5,carbon,monthly,1.0,41.062236135683634,41.062236135683634
20,2,0.75,0.55,3.0,2.5,0.5,carbon,seasonal,1.0,41.062236135683634,41.062236135683634
20,2,0.75,0.55,3.0,2.5,0.5,carbon,threshold,1.0,41.062236135683634,41.062236135683634
20,2,0.75,0.55,3.0,2.5,0.5,morning,monthly,1.0,41.062236135683634,41.062236135683634
20,2,0.75,0.55,3.0,2.5,0.5,morning,seasonal,1.0,41.062236135683634,41.062236135683634
20,2,0.75,0.55,3.0,2.5,0.5,morning,threshold,1.0,41.062236135683634,41.062236135683634
20,4,0.25,0.55,3.0,2.5,0.5,energy,monthly,0.9981129909212121,12.284901168260149,12.26171944822363
20,4,0.25,0.55,3.0,2.5,0.5,energy,seasonal,0.9928201846367256,12.284901168260149,12.196697846115967
20,4,0.25,0.55,3.0,2.5,0.5,energy,threshold,1.0,12.284901168260149,12.284901168260149
20,4,0.25,0.55,3.0,2.5,0.5,carbon,monthly,0.9976844500890658,12.281314160797592,12.252876164886402
20,4,0.25,0.55,3.0,2.5,0.5,carbon,seasonal,0.9931101579542909,12.281314160797592,12.196697846115967
20,4,0.25,0.55,3.0,2.5,0.5,carbon,threshold,1.0,12.281314160797592,12.281314160797592
20,4,0.25,0.55,3.0,2.5,0.5,morning,monthly,0.9981129909212121,12.284901168260149,12.26171944822363
20,4,0.25,0.55,3.0,2.5,0.5,morning,seasonal,0.9928201846367256,12.284901168260149,12.196697846115967
20,4,0.25,0.55,3.0,2.5,0.5,morning,threshold,1.0,12.284901168260149,12.284901168260149
20,4,0.75,0.55,3.0,2.5,0.5,energy,monthly,1.0,45.87342607197297,45.87342607197297
20,4,0.75,0.55,3.0,2.5,0.5,energy,seasonal,1.0,45.87342607197297,45.87342607197297
20,4,0.75,0.55,3.0,2.5,0.5,energy,threshold,1.0,45.87342607197297,45.87342607197297
20,4,0.75,0.55,3.0,2.5,0.5,carbon,monthly,1.0,45.87342607197297,45.87342607197297
20,4,0.75,0.55,3.0,2.5,0.5,carbon,seasonal,1.0,45.87342607197297,45.87342607197297
20,4,0.75,0.55,3.0,2.5,0.5,carbon,threshold,1.0,45.87342607197297,45.87342607197297
20,4,0.75,0.55,3.0,2.5,0.5,morning,monthly,1.0,45.87342607197297,45.87342607197297
20,4,0.75,0.55,3.0,2.5,0.5,morning,seasonal,1.0,45.87342607197297,45.87342607197297
20,4,0.75,0.55,3.0,2.5,0.5,morning,threshold,1.0,45.87342607197297,45.87342607197297
30,0,0.25,0.55,3.0,2.5,0.5,energy,monthly,0.9676819382270446,19.90821998273259,19.264824899541054
30,0,0.25,0.55,3.0,2.5,0.5,energy,seasonal,0.7906059312700425,19.90821998273259,15.73955679937717
30,0,0.25,0.55,3.0,2.5,0.5,energy,threshold,0.993070417188678,19.90821998273259,19.770264323736228
30,0,0.25,0.55,3.0,2.5,0.5,carbon,monthly,0.9703782016403553,19.436187345871986,18.860452523432286
30,0,0.25,0.55,3.0,2.5,0.5,carbon,seasonal,0.8098068062057482,19.436187345871986,15.73955679937717
30,0,0.25,0.55,3.0,2.5,0.5,carbon,threshold,0.9981495737026077,19.436187345871986,19.40022211368614
30,0,0.25,0.55,3.0,2.5,0.5,morning,monthly,0.9151088875419247,7.8418733891903685,7.17616803342662
30,0,0.25,0.55,3.0,2.5,0.5,morning,seasonal,0.6043801631735998,7.8418733891903685,4.739472718545585
30,0,0.25,0.55,3.0,2.5,0.5,morning,threshold,0.9844884831765262,7.8418733891903685,7.7202340381863905
30,0,0.75,0.55,3.0,2.5,0.5,energy,monthly,0.9709932729612513,33.18886475800264,32.22616441724131
30,0,0.75,0.55,3.0,2.5,0.5,energy,seasonal,0.8126582505129114,33.18886475800264,26.971204770748045
30,0,0.75,0.55,3.0,2.5,0.5,energy,threshold,0.9956773414176318,33.18886475800264,33.0454006269174
30,0,0.75,0.55,3.0,2.5,0.5,carbon,monthly,0.9648809828541213,32.69516044210832,31.54693854195466
30,0,0.75,0.55,3.0,2.5,0.5,carbon,seasonal,0.8039615225455413,32.69516044210832,26.285650968908158
30,0,0.75,0.55,3.0,2.5,0.5,carbon,threshold,0.9997968694013146,32.69516044210832,32.6885190545936
30,0,0.75,0.55,3.0,2.5,0.5,morning,monthly,0.9611360024184743,21.403694753566015,20.57186161242771
30,0,0.75,0.55,3.0,2.5,0.5,morning,seasonal,0.8060910494034996,21.403694753566015,17.253326765014208
30,0,0.75,0.55,3.0,2.5,0.5,morning,threshold,0.9942531946574169,21.403694753566015,21.280691886205204
30,2,0.25,0.55,3.0,2.5,0.5,energy,monthly,0.9719370051716475,16.330345964848675,15.87206755049192
30,2,0.25,0.55,3.0,2.5,0.5,energy,seasonal,0.8015942169784783,16.330345964848675,13.090310886680527
30,2,0.25,0.55,3.0,2.5,0.5,energy,threshold,0.989294351758976,16.330345964848675,16.15551902529478
30,2,0.25,0.55,3.0,2.5,0.5,carbon,monthly,0.9608099674752626,15.849609766808499,15.228463044542877
30,2,0.25,0.55,3.0,2.5,0.5,carbon,seasonal,0.8004276011535894,15.849609766808499,12.686465124867027
30,2,0.25,0.55,3.0,2.5,0.5,carbon,threshold,1.0011009408730118,15.849609766808499,15.867059250022066
30,2,0.25,0.55,3.0,2.5,0.5,morning,monthly,0.949824810157647,8.498501974070678,8.072088024146069
30,2,0.25,0.55,3.0,2.5,0.5,morning,seasonal,0.770006308913301,8.498501974070678,6.543900136346565
30,2,0.25,0.55,3.0,2.5,0.5,morning,threshold,0.986793948546643,8.498501974070678,8.386270319724645
30,2,0.75,0.55,3.0,2.5,0.5,energy,monthly,0.9748469208883608,32.259853648190074,31.448418997247245
30,2,0.75,0.55,3.0,2.5,0.5,energy,seasonal,0.8441299745987697,32.259853648190074,27.231509440606715
30,2,0.75,0.55,3.0,2.5,0.5,energy,threshold,0.9953079205606383,32.259853648190074,32.10848785217058
30,2,0.75,0.55,3.0,2.5,0.5,carbon,monthly,0.9728986117177015,31.70936673335291,30.849998873326513
30,2,0.75,0.55,3.0,2.5,0.5,carbon,seasonal,0.7698695273368998,31.70936673335291,24.41207517915882
30,2,0.75,0.55,3.0,2.5,0.5,carbon,threshold,1.0024098773885766,31.70936673335291,31.7857824192497
30,2,0.75,0.55,3.0,2.5,0.5,morning,monthly,0.9745153284073884,24.943483818027744,24.307807324549685
30,2,0.75,0.55,3.0,2.5,0.5,morning,seasonal,0.8698680195796881,24.943483818027744,21.69753887020579
30,2,0.75,0.55,3.0,2.5,0.5,morning,threshold,0.9979837967056879,24.943483818027744,24.893192683782218
30,4,0.25,0.55,3.0,2.5,0.5,energy,monthly,0.9639319931656389,13.069505345335529,12.598114337218249
30,4,0.25,0.55,3.0,2.5,0.5,energy,seasonal,0.8490733835108525,13.069505345335529,11.09696912437721
30,4,0.25,0.55,3.0,2.5,0.5,energy,threshold,0.9843837640843305,13.069505345335529,12.865408866561665
30,4,0.25,0.55,3.0,2.5,0.5,carbon,monthly,0.976375857449564,12.547547436211971,12.251122386920542
30,4,0.25,0.55,3.0,2.5,0.5,carbon,seasonal,0.6989464453027617,12.547547436211971,8.770063677808139
30,4,0.25,0.55,3.0,2.5,0.5,carbon,threshold,1.0057486654436105,12.547547436211971,12.619679088560588
30,4,0.25,0.55,3.0,2.5,0.5,morning,monthly,0.9829267261533752,9.282013501859183,9.123539143493872
30,4,0.25,0.55,3.0,2.5,0.5,morning,seasonal,0.8912015821033298,9.282013501859183,8.272145117961372
30,4,0.25,0.55,3.0,2.5,0.5,morning,threshold,0.9897321638586499,9.282013501859183,9.186707308160294
30,4,0.75,0.55,3.0,2.5,0.5,energy,monthly,0.9854428470761711,31.24200875332008,30.7872140542504
30,4,0.75,0.55,3.0,2.5,0.5,energy,seasonal,0.8424393041876773,31.24200875332008,26.319496115572292
30,4,0.75,0.55,3.0,2.5,0.5,energy,threshold,0.9935751674163026,31.24200875332008,31.041284077501587
30,4,0.75,0.55,3.0,2.5,0.5,carbon,monthly,0.9954833319413161,30.59892063026018,30.46071546281928
30,4,0.75,0.55,3.0,2.5,0.5,carbon,seasonal,0.8343035194607832,30.59892063026018,25.528787173527235
30,4,0.75,0.55,3.0,2.5,0.5,carbon,threshold,1.0037013014567262,30.59892063026018,30.712176459763214
30,4,0.75,0.55,3.0,2.5,0.5,morning,monthly,0.9879496870093181,28.402341720678123,28.06008461327565
30,4,0.75,0.55,3.0,2.5,0.5,morning,seasonal,0.8597871893168073,28.402341720678123,24.419969558037337
30,4,0.75,0.55,3.0,2.5,0.5,morning,threshold,0.997799541216374,28.402341720678123,28.33984353836331
40,0,0.25,0.55,3.0,2.5,0.5,energy,monthly,0.9820459952295769,24.678517883472523,24.235439655665687
40,0,0.25,0.55,3.0,2.5,0.5,energy,seasonal,0.8657883784859234,24.678517883472523,21.366373981767538
40,0,0.25,0.55,3.0,2.5,0.5,energy,threshold,0.9952899660262589,24.678517883472523,24.56228122581979
40,0,0.25,0.55,3.0,2.5,0.5,carbon,monthly,0.9308446761937826,24.28252060878458,22.603255033252935
40,0,0.25,0.55,3.0,2.5,0.5,carbon,seasonal,0.8799075815069182,24.28252060878458,21.366373981767538
40,0,0.25,0.55,3.0,2.5,0.5,carbon,threshold,0.9975057492908156,24.28252060878458,24.221953914535334
40,0,0.25,0.55,3.0,2.5,0.5,morning,monthly,0.07468561570643269,0.7107120102509725,0.05307996407555038
40,0,0.25,0.55,3.0,2.5,0.5,morning,seasonal,-16.126187683569057,0.7107120102509725,-11.461075266273838
40,0,0.25,0.55,3.0,2.5,0.5,morning,threshold,0.9184275937302895,0.7107120102509725,0.6527375214100175
40,0,0.75,0.55,3.0,2.5,0.5,energy,monthly,0.9663179987623509,32.017828129024565,30.939403602355924
40,0,0.75,0.55,3.0,2.5,0.5,energy,seasonal,0.8148051954831116,32.017828129024565,26.088292707614528
40,0,0.75,0.55,3.0,2.5,0.5,energy,threshold,0.996322378238847,32.017828129024565,31.900078667552407
40,0,0.75,0.55,3.0,2.5,0.5,carbon,monthly,0.9603322578702735,31.575403484502203,30.322878521436905
40,0,0.75,0.55,3.0,2.5,0.5,carbon,seasonal,0.7144214386254301,31.575403484502203,22.55814518257648
40,0,0.75,0.55,3.0,2.5,0.5,carbon,threshold,0.9998060195100579,31.575403484502203,31.56927847226416
40,0,0.75,0.55,3.0,2.5,0.5,morning,monthly,0.8506755599860492,8.090792964648244,6.8826398359333325
40,0,0.75,0.55,3.0,2.5,0.5,morning,seasonal,-0.7783102037769801,8.090792964648244,-6.297146721032732
40,0,0.75,0.55,3.0,2.5,0.5,morning,threshold,0.9928014445871887,8.090792964648244,8.03255094315864
40,2,0.25,0.55,3.0,2.5,0.5,energy,monthly,0.9589359989570938,24.40540656216399,23.403222921642737
40,2,0.25,0.55,3.0,2.5,0.5,energy,seasonal,0.8576529786610125,24.40540656216399,20.93136963347297
40,2,0.25,0.55,3.0,2.5,0.5,energy,threshold,0.9957875601502174,24.40540656216399,24.302600255011384
40,2,0.25,0.55,3.0,2.5,0.5,carbon,monthly,0.9725122586599438,24.041010602264578,23.380177521275982
40,2,0.25,0.55,3.0,2.5,0.5,carbon,seasonal,0.8550656209997455,24.041010602264578,20.556641660086825
40,2,0.25,0.55,3.0,2.5,0.5,carbon,threshold,0.998262386528411,24.041010602264578,23.99923661837147
40,2,0.25,0.55,3.0,2.5,0.5,morning,monthly,0.3575337779620725,1.2024209073224483,0.429906089695578
40,2,0.25,0.55,3.0,2.5,0.5,morning,seasonal,-8.3533978124555,1.2024209073224483,-10.044300176878096
40,2,0.25,0.55,3.0,2.5,0.5,morning,threshold,0.9145005658779387,1.2024209073224483,1.0996146001698435
40,2,0.75,0.55,3.0,2.5,0.5,energy,monthly,0.967573274653427,34.86310801644686,33.73261158806963
40,2,0.75,0.55,3.0,2.5,0.5,energy,seasonal,0.7742443527025435,34.86310801644686,26.992564499392756
40,2,0.75,0.55,3.0,2.5,0.5,energy,threshold,0.9968735002296755,34.86310801644686,34.75410851724064
40,2,0.75,0.55,3.0,2.5,0.5,carbon,monthly,0.9706624364992632,34.47116905828989,33.459868947097675
40,2,0.75,0.55,3.0,2.5,0.5,carbon,seasonal,0.7675452369061134,34.47116905828989,26.4581816212758
40,2,0.75,0.55,3.0,2.5,0.5,carbon,threshold,0.9998581706686042,34.47116905828989,34.46628003542992
40,2,0.75,0.55,3.0,2.5,0.5,morning,monthly,0.938764592977545,11.766297770268466,11.045783737158672
40,2,0.75,0.55,3.0,2.5,0.5,morning,seasonal,-0.266056899361615,11.766297770268466,-3.130504701723112
40,2,0.75,0.55,3.0,2.5,0.5,morning,threshold,0.9916589057442554,11.766297770268466,11.668153971525498
40,4,0.25,0.55,3.0,2.5,0.5,energy,monthly,0.984155163532801,23.535816629728288,23.16289546410826
40,4,0.25,0.55,3.0,2.5,0.5,energy,seasonal,0.8143617391803971,23.535816629728288,19.16666856361644
40,4,0.25,0.55,3.0,2.5,0.5,energy,threshold,0.9958486135381549,23.535816629728288,23.438110359203165
40,4,0.25,0.55,3.0,2.5,0.5,carbon,monthly,0.9738604107729049,23.173187924181548,22.56745031076116
40,4,0.25,0.55,3.0,2.5,0.5,carbon,seasonal,0.7832199007478766,23.173187924181548,18.149701945989364
40,4,0.25,0.55,3.0,2.5,0.5,carbon,threshold,0.9997646458813266,23.173187924181548,23.1677340189608
40,4,0.25,0.55,3.0,2.5,0.5,morning,monthly,0.9929462823318512,1.5568044900492168,1.5458232307119033
40,4,0.25,0.55,3.0,2.5,0.5,morning,seasonal,-6.072587897827901,1.5568044900492168,-9.453832105557012
40,4,0.25,0.55,3.0,2.5,0.5,morning,threshold,0.9609362581666594,1.5568044900492168,1.4959898813649488
40,4,0.75,0.55,3.0,2.5,0.5,energy,monthly,0.9789982374944821,36.28836920651702,35.5262494947292
40,4,0.75,0.55,3.0,2.5,0.5,energy,seasonal,0.7725597976865535,36.28836920651702,28.034935172561745
40,4,0.75,0.55,3.0,2.5,0.5,energy,threshold,0.9972488209947717,36.28836920651702,36.18853340702208
40,4,0.75,0.55,3.0,2.5,0.5,carbon,monthly,0.9839342311427495,35.884234577034476,35.30772675870048
40,4,0.75,0.55,3.0,2.5,0.5,carbon,seasonal,0.7812605034775857,35.884234577034476,28.034935172561745
40,4,0.75,0.55,3.0,2.5,0.5,carbon,threshold,1.0011553581116581,35.884234577034476,35.925693718533694
40,4,0.75,0.55,3.0,2.5,0.5,morning,monthly,0.981912035310738,14.490655317686105,14.228548855975532
40,4,0.75,0.55,3.0,2.5,0.5,morning,seasonal,0.07349058955526995,14.490655317686105,1.0649268023389595
40,4,0.75,0.55,3.0,2.5,0.5,morning,threshold,0.9953976642210879,14.490655317686105,14.423964456257636
50,0,0.25,0.55,3.0,2.5,0.5,energy,monthly,0.9815744380424669,25.051960200015856,24.59036375519281
50,0,0.25,0.55,3.0,2.5,0.5,energy,seasonal,0.934532947846717,25.051960200015856,23.41188221505945
50,0,0.25,0.55,3.0,2.5,0.5,energy,threshold,0.9844330172643735,25.051960200015856,24.661976768088607
50,0,0.25,0.55,3.0,2.5,0.5,carbon,monthly,0.9790401470958973,24.474434219790965,23.961453678633006
50,0,0.25,0.55,3.0,2.5,0.5,carbon,seasonal,0.8709548014117218,24.474434219790965,21.316125995562288
50,0,0.25,0.55,3.0,2.5,0.5,carbon,threshold,0.997244438418233,24.474434219790965,24.406993409119423
50,0,0.25,0.55,3.0,2.5,0.5,morning,monthly,2.2765479102367956,-2.6598563747274966,-6.055290471415901
50,0,0.25,0.55,3.0,2.5,0.5,morning,seasonal,4.597971602185915,-2.6598563747274966,-12.229944076890206
50,0,0.25,0.55,3.0,2.5,0.5,morning,threshold,1.1711474582994266,-2.6598563747274966,-3.115084032703635
50,0,0.75,0.55,3.0,2.5,0.5,energy,monthly,0.9634189892974033,26.398062808546456,25.432394990419198
50,0,0.75,0.55,3.0,2.5,0.5,energy,seasonal,0.8378283368102686,26.398062808546456,22.117045057897485
50,0,0.75,0.55,3.0,2.5,0.5,energy,threshold,0.9943780211070361,26.398062808546456,26.249653456621672
50,0,0.75,0.55,3.0,2.5,0.5,carbon,monthly,0.9693460820081404,25.797387370926117,25.006596374053515
50,0,0.75,0.55,3.0,2.5,0.5,carbon,seasonal,0.8412309807134989,25.797387370926117,21.70156147789021
50,0,0.75,0.55,3.0,2.5,0.5,carbon,threshold,0.9987956927532876,25.797387370926117,25.766319390369063
50,0,0.75,0.55,3.0,2.5,0.5,morning,monthly,3.966382744836174,-1.2939894333403572,-5.132457360401531
50,0,0.75,0.55,3.0,2.5,0.5,morning,seasonal,10.124726871864763,-1.2939894333403572,-13.101289587650172
50,0,0.75,0.55,3.0,2.5,0.5,morning,threshold,1.165112304990953,-1.2939894333403572,-1.507643011313121
50,2,0.25,0.55,3.0,2.5,0.5,energy,monthly,0.96924178500461,25.301149384664313,24.52293119226033
50,2,0.25,0.55,3.0,2.5,0.5,energy,seasonal,0.8603746514797352,25.301149384664313,21.768467583867277
50,2,0.25,0.55,3.0,2.5,0.5,energy,threshold,0.995330688249446,25.301149384664313,25.18301043053998
50,2,0.25,0.55,3.0,2.5,0.5,carbon,monthly,0.9742927502876123,24.869013963075304,24.22970001102567
50,2,0.25,0.55,3.0,2.5,0.5,carbon,seasonal,0.8753249170308234,24.869013963075304,21.768467583867277
50,2,0.25,0.55,3.0,2.5,0.5,carbon,threshold,0.9980709528923688,24.869013963075304,24.821040463620193
50,2,0.25,0.55,3.0,2.5,0.5,morning,monthly,2.437444327523566,-2.467733544749535,-6.014963130489377
50,2,0.25,0.55,3.0,2.5,0.5,morning,seasonal,5.410038664592263,-2.467733544749535,-13.350533891006307
50,2,0.25,0.55,3.0,2.5,0.5,morning,threshold,1.0713671683551225,-2.467733544749535,-2.6438487000932582
50,2,0.75,0.55,3.0,2.5,0.5,energy,monthly,0.9818914592222652,29.91268781193412,29.37101268492006
50,2,0.75,0.55,3.0,2.5,0.5,energy,seasonal,0.8061855492483461,29.91268781193412,24.115176653158414
50,2,0.75,0.55,3.0,2.5,0.5,energy,threshold,0.9961290764047478,29.91268781193412,29.79689808288549
50,2,0.75,0.55,3.0,2.5,0.5,carbon,monthly,0.9855193722992416,29.44195813289116,29.015620098387444
50,2,0.75,0.55,3.0,2.5,0.5,carbon,seasonal,0.8175431604476743,29.44195813289116,24.070071501731945
50,2,0.75,0.55,3.0,2.5,0.5,carbon,threshold,0.9997548911204399,29.44195813289116,29.43474164752115
50,2,0.75,0.55,3.0,2.5,0.5,morning,monthly,-0.5398294805172712,2.1618018528843095,-1.1670043712238112
50,2,0.75,0.55,3.0,2.5,0.5,morning,seasonal,-4.780843923072608,2.1618018528843095,-10.335237251249055
50,2,0.75,0.55,3.0,2.5,0.5,morning,threshold,0.9196198624600646,2.1618018528843095,1.9880359226153814
50,4,0.25,0.55,3.0,2.5,0.5,energy,monthly,0.9850148044739568,25.567265907239744,25.184135428553418
50,4,0.25,0.55,3.0,2.5,0.5,energy,seasonal,0.8726100214846867,25.567265907239744,22.31025245262117
50,4,0.25,0.55,3.0,2.5,0.5,energy,threshold,0.9957712553223353,25.567265907239744,25.459148467612067
50,4,0.25,0.55,3.0,2.5,0.5,carbon,monthly,0.979029249245905,25.213664240862272,24.68491477246971
50,4,0.25,0.55,3.0,2.5,0.5,carbon,seasonal,0.8848476857427285,25.213664240862272,22.31025245262117
50,4,0.25,0.55,3.0,2.5,0.5,carbon,threshold,0.9990141963349228,25.213664240862272,25.188808518243604
50,4,0.25,0.55,3.0,2.5,0.5,morning,monthly,2.4527812045424895,-2.113733849484561,-5.1845266574209745
50,4,0.25,0.55,3.0,2.5,0.5,morning,seasonal,5.58736556430736,-2.113733849484561,-11.810203722720871
50,4,0.25,0.55,3.0,2.5,0.5,morning,threshold,1.0511499778720725,-2.113733849484561,-2.2218512891131468
50,4,0.75,0.55,3.0,2.5,0.5,energy,monthly,0.9649165917222481,33.5154151752331,32.33958018104204
50,4,0.75,0.55,3.0,2.5,0.5,energy,seasonal,0.8142740725964974,33.5154151752331,27.29073360949951
50,4,0.75,0.55,3.0,2.5,0.5,energy,threshold,0.9969670747875884,33.5154151752331,33.413765427543694
50,4,0.75,0.55,3.0,2.5,0.5,carbon,monthly,0.9448670184110038,33.10940332257178,31.28398319876578
50,4,0.75,0.55,3.0,2.5,0.5,carbon,seasonal,0.8042186911011011,33.10940332257178,26.627201003217124
50,4,0.75,0.55,3.0,2.5,0.5,carbon,threshold,1.0008118757206845,33.10940332257178,33.13628404325573
50,4,0.75,0.55,3.0,2.5,0.5,morning,monthly,0.3427824693603886,5.850362820760893,2.0054018143546273
50,4,0.75,0.55,3.0,2.5,0.5,morning,seasonal,-1.0772722973551867,5.850362820760893,-6.3024337962824575
50,4,0.75,0.55,3.0,2.5,0.5,morning,threshold,0.9826250523595257,5.850362820760893,5.748713073072395
