lat,warming,ac_prevalence,p_light_scale,cop_cool,cop_heat,heat_electric_share,dE_energy_opt,dE_carbon_opt,dC_energy_opt,dC_carbon_opt,schedule_corr
20,0,0.25,0.55,3.0,2.5,0.5,-9.8069403042864,-8.562805723664496,-8.980834121663747,-9.378616108686401,0.9501268488056992
20,0,0.75,0.55,3.0,2.5,0.5,-33.56261084801008,-33.23867839076593,-24.916038066344754,-25.447567277884446,0.9623617523607829
20,2,0.25,0.55,3.0,2.5,0.5,-11.425754204367877,-11.42438757220043,-11.185789412896384,-11.186675788226012,0.9744382316271447
20,2,0.75,0.55,3.0,2.5,0.5,-41.062236135683634,-41.062236135683634,-30.943929471367028,-30.943929471367028,
20,4,0.25,0.55,3.0,2.5,0.5,-12.284901168260149,-12.281314160797592,-12.131218832074865,-12.133484343326018,0.9061047356125991
20,4,0.75,0.55,3.0,2.5,0.5,-45.87342607197297,-45.87342607197297,-35.0802231392322,-35.0802231392322,
30,0,0.25,0.55,3.0,2.5,0.5,-19.90821998273259,-19.436187345871986,-11.790696370085698,-12.011622104664639,0.9779216350023363
30,0,0.75,0.55,3.0,2.5,0.5,-33.18886475800264,-32.69516044210832,-20.277037016326176,-20.529560257306912,0.9827794584354831
30,2,0.25,0.55,3.0,2.5,0.5,-16.330345964848675,-15.849609766808499,-10.60006230769477,-10.82739459882896,0.9806733951502096
30,2,0.75,0.55,3.0,2.5,0.5,-32.259853648190074,-31.70936673335291,-21.098497718265207,-21.363566793763766,0.9836113175463986
30,4,0.25,0.55,3.0,2.5,0.5,-13.069505345335529,-12.547547436211971,-9.581392789152687,-9.874676135375012,0.9844346183645876
30,4,0.75,0.55,3.0,2.5,0.5,-31.24200875332008,-30.59892063026018,-22.019934017544983,-22.364520809820533,0.9855017545211819
40,0,0.25,0.55,3.0,2.5,0.5,-24.678517883472523,-24.28252060878458,-13.541957770132285,-13.74584566023168,0.9634215721587409
40,0,0.75,0.55,3.0,2.5,0.5,-32.017828129024565,-31.575403484502203,-18.194243201079644,-18.416646539358226,0.9721076115382479
40,2,0.25,0.55,3.0,2.5,0.5,-24.40540656216399,-24.041010602264578,-13.745189488521191,-13.920171607338489,0.9733659075121933
40,2,0.75,0.55,3.0,2.5,0.5,-34.86310801644686,-34.47116905828989,-20.351690749369936,-20.54524130701111,0.9791692163835723
40,4,0.25,0.55,3.0,2.5,0.5,-23.535816629728288,-23.173187924181548,-13.66341952696348,-13.83418952390457,0.9780447149208602
40,4,0.75,0.55,3.0,2.5,0.5,-36.28836920651702,-35.884234577034476,-21.937787334544737,-22.127761416562862,0.983542147226923
50,0,0.25,0.55,3.0,2.5,0.5,-25.051960200015856,-24.474434219790965,-12.483598874431664,-13.44650210893451,0.8525929881291477
50,0,0.75,0.55,3.0,2.5,0.5,-26.398062808546456,-25.797387370926117,-13.692042882052192,-14.66206682860593,0.8803260503730206
50,2,0.25,0.55,3.0,2.5,0.5,-25.301149384664313,-24.869013963075304,-13.156535749455088,-13.854567459789905,0.9043035766167752
50,2,0.75,0.55,3.0,2.5,0.5,-29.91268781193412,-29.44195813289116,-16.184130632122105,-16.906328468726315,0.9173995910261888
50,4,0.25,0.55,3.0,2.5,0.5,-25.567265907239744,-25.213664240862272,-13.820193276430473,-14.22243107334225,0.9440872368253159
50,4,0.75,0.55,3.0,2.5,0.5,-33.5154151752331,-33.10940332257178,-18.808493843589986,-19.22902037989934,0.9532981882220231
