city,lat,climate,ac_prevalence,source,regime,E_annual,C_annual,dE_pct,dC_pct,peak,par,wake_dark
Singapore,1.35,equatorial,0.8,openmeteo-2023,ST,6299.090108651248,2751.322117472472,0.0,0.0,0.9550000000000002,1.3280965751720728,0.05646451889296331
Singapore,1.35,equatorial,0.8,openmeteo-2023,DST,6306.758419907679,2757.3987276761227,0.1217368083987198,0.22086146020709577,0.9550000000000002,1.3264817586151434,0.4361707374445547
Singapore,1.35,equatorial,0.8,openmeteo-2023,SAS_daily_2h,6292.077258635761,2740.671012190117,-0.11133115885825182,-0.3871268004104155,0.943,1.312870084146276,0.008970933197437168
Miami,25.8,subtropical humid,0.95,openmeteo-2023,ST,6447.198606586903,2865.0764821033763,0.0,0.0,1.2960000000000003,1.760913645253775,0.012011826637133655
Miami,25.8,subtropical humid,0.95,openmeteo-2023,DST,6447.134439750073,2867.6934237352107,-0.0009952669484118214,0.09133932892127088,1.2960000000000003,1.7609311712197064,0.04015842212432998
Miami,25.8,subtropical humid,0.95,openmeteo-2023,SAS_daily_2h,6435.027914369507,2851.349698163408,-0.18877489216730176,-0.4791070683701566,1.2960000000000003,1.7642440951419474,0.23651462875591742
Sydney,-33.9,temperate maritime,0.6,openmeteo-2023,ST,4864.369136155832,2143.8290477247365,0.0,0.0,1.2000000000000002,2.1610202075057416,0.0004283871889677665
Sydney,-33.9,temperate maritime,0.6,openmeteo-2023,DST,4861.840790698898,2143.9463397067343,-0.051976841932939326,0.005471144358376255,1.2000000000000002,2.162144021686256,0.00138392079837398
Sydney,-33.9,temperate maritime,0.6,openmeteo-2023,SAS_daily_2h,4850.368650292578,2133.981551827202,-0.28781709346832,-0.45934147165258354,1.2000000000000002,2.167257946334844,0.08925498380091003
Tokyo,35.7,humid subtropical,0.9,openmeteo-2023,ST,6066.065046729391,2678.787938940688,0.0,0.0,1.61,2.324999796631618,0.0
Tokyo,35.7,humid subtropical,0.9,openmeteo-2023,DST,6067.611759298596,2681.5651104873805,0.025497790697756557,0.10367269115713058,1.61,2.3244071241681343,5.839560370995123e-05
Tokyo,35.7,humid subtropical,0.9,openmeteo-2023,SAS_daily_2h,6049.008735125191,2668.267613860982,-0.28117587715937203,-0.3927270586363196,1.61,2.331555568452673,0.22637020477087336
Phoenix,33.4,hot arid,0.95,openmeteo-2023,ST,6998.730763710395,3146.8483958883166,0.0,0.0,1.9229999999999996,2.4069335667756593,0.07985511754765953
Phoenix,33.4,hot arid,0.95,openmeteo-2023,DST,6978.760002681434,3140.0734358028203,-0.28534832533510796,-0.21529350108980524,1.9134999999999998,2.4018966110826954,0.12733021858641358
Phoenix,33.4,hot arid,0.95,openmeteo-2023,SAS_daily_2h,6942.19818000258,3115.9888693444104,-0.8077548003553208,-0.9806486573750226,1.8992499999999997,2.3965651179370124,0.4424841860475729
Berlin,52.5,temperate continental,0.15,openmeteo-2023,ST,5944.470064762279,2636.7224774968117,0.0,0.0,1.6850000000000003,2.483080886805724,0.1947660454449833
Berlin,52.5,temperate continental,0.15,openmeteo-2023,DST,5941.404362093358,2636.8139627543355,-0.05157234598748041,0.0034696581951488567,1.6850000000000003,2.4843621306393193,0.22649243935206315
Berlin,52.5,temperate continental,0.15,openmeteo-2023,SAS_daily_2h,5930.95786640652,2629.8577546812617,-0.22730703003884276,-0.2603506009501285,1.6850000000000003,2.4887379631552218,0.3470383506011907
Oslo,59.9,cold maritime,0.05,openmeteo-2023,ST,7103.02015045574,3153.427617727905,0.0,0.0,1.9749999999999999,2.4357244712152393,0.2988881741170086
Oslo,59.9,cold maritime,0.05,openmeteo-2023,DST,7097.5322225048685,3152.5330158370684,-0.07726189472402478,-0.02836919058509924,1.9749999999999999,2.437607813197657,0.3426393855532082
Oslo,59.9,cold maritime,0.05,openmeteo-2023,SAS_daily_2h,7088.637976569431,3145.9398607597823,-0.20247969992575818,-0.2374481952916233,1.9549999999999998,2.41595071671132,0.40147670982078537
Santiago,-33.5,mediterranean,0.3,openmeteo-2023,ST,4828.772505015489,2104.0990569317673,0.0,0.0,1.0240000000000002,1.857664653011279,0.15754557805250816
Santiago,-33.5,mediterranean,0.3,openmeteo-2023,DST,4831.611599445286,2106.8371533441546,0.05879536521648596,0.13013153555517296,1.0240000000000002,1.8565730740918558,0.22078987537041553
Santiago,-33.5,mediterranean,0.3,openmeteo-2023,SAS_daily_2h,4815.645146765399,2094.3159532784157,-0.27185704516944825,-0.46495451918587577,1.0240000000000002,1.862728611975321,0.2156521976254111
London,51.5,temperate maritime,0.2,openmeteo-2023,ST,5586.914580237562,2484.340827380197,0.0,0.0,1.515,2.3754435134814043,0.16512893600762135
London,51.5,temperate maritime,0.2,openmeteo-2023,DST,5583.3801698481775,2484.1768631937935,-0.06326229511163593,-0.006599907089898892,1.515,2.376947224849436,0.18926559341745514
London,51.5,temperate maritime,0.2,openmeteo-2023,SAS_daily_2h,5572.043541995302,2476.6377313464213,-0.26617622354319537,-0.31006599210860913,1.5000000000000002,2.3582012417825937,0.3280769385520321
Moscow,55.8,continental,0.15,openmeteo-2023,ST,7398.81660306714,3285.078571708049,0.0,0.0,2.6350000000000002,3.1197691790915907,0.29325451907037164
Moscow,55.8,continental,0.15,openmeteo-2023,DST,7390.710482304999,3282.8875488935,-0.10955969308363615,-0.06669620731201213,2.6350000000000002,3.1231909374971285,0.345149875123603
Moscow,55.8,continental,0.15,openmeteo-2023,SAS_daily_2h,7377.4224658734565,3273.797021295925,-0.28915620350441806,-0.3434179781659921,2.6350000000000002,3.1288163456513014,0.46135096111453494
