scenario,lat,warming,thermal_model,dE_total_units,dE_light,dE_cool,dE_heat,dE_other,heat_share_of_saving,light_share,cool_share,other_share,tech_p_light_scale,tech_ac_prevalence,tech_heat_electric_share,tech_cop_cool,tech_cop_heat
baseline,45,1.2,degree_hour,-1.0609107771706476,0.2802065330157575,3.805420884368573,-5.1465381945540685,0.0,4.851056568846833,-0.2641188486774004,-3.5869377201702894,-0.0,0.6,0.5,0.5,3.0,2.5
resistance_heat_cop1,45,1.2,degree_hour,-21.64706355538692,0.2802065330157575,3.805420884368573,-25.732690972770797,0.0,1.1887381818291543,-0.012944320706538852,-0.17579386112263642,-0.0,0.6,0.5,1.0,3.0,1.0
all_gas_heat,45,1.2,degree_hour,4.085627417384785,0.2802065330157575,3.805420884368573,0.0,0.0,0.0,0.06858347675645814,0.9314165232434306,0.0,0.6,0.5,0.0,3.0,2.5
low_elec_heat,45,1.2,degree_hour,2.5416659590191557,0.2802065330157575,3.805420884368573,-1.5439614583661978,0.0,-0.6074604150429044,0.11024522401200623,1.4972151910304956,0.0,0.6,0.5,0.15,3.0,2.5
high_elec_heat,45,1.2,degree_hour,-5.178141332813539,0.2802065330157575,3.805420884368573,-9.263768750197414,0.0,1.7890142726490537,-0.05411334202875214,-0.7349009306203894,-0.0,0.6,0.5,0.9,3.0,2.5
envelope_kheat_0.1,45,1.2,degree_hour,2.0270121395633396,0.2802065330157575,3.805420884368573,-2.058615277821673,0.0,-1.015590996048569,0.13823623822801565,1.8773547578202168,0.0,0.6,0.5,0.2,3.0,2.5
envelope_kheat_0.25,45,1.2,degree_hour,-1.0609107771706476,0.2802065330157575,3.805420884368573,-5.1465381945540685,0.0,4.851056568846833,-0.2641188486774004,-3.5869377201702894,-0.0,0.6,0.5,0.5,3.0,2.5
envelope_kheat_0.45,45,1.2,degree_hour,-5.178141332813539,0.2802065330157575,3.805420884368573,-9.263768750197414,0.0,1.7890142726490537,-0.05411334202875214,-0.7349009306203894,-0.0,0.6,0.5,0.9,3.0,2.5
mild_warm,25,1.2,degree_hour,8.029607633612613,0.31484866337325457,7.714758970238904,0.0,0.0,0.0,0.039210964936228214,0.9607890350637152,0.0,0.6,0.5,0.5,3.0,2.5
continental,45,1.2,degree_hour,-1.0609107771706476,0.2802065330157575,3.805420884368573,-5.1465381945540685,0.0,4.851056568846833,-0.2641188486774004,-3.5869377201702894,-0.0,0.6,0.5,0.5,3.0,2.5
cold,55,1.2,degree_hour,-7.979758076889993,0.16300778136906047,1.2602296174581582,-9.402995475717034,0.0,1.178355958302652,-0.020427659560399936,-0.15792829874227418,-0.0,0.6,0.5,0.5,3.0,2.5
no_warming,45,0.0,degree_hour,-2.6303441172549356,0.2802065330157575,3.146482905024243,-6.05703355529522,0.0,2.3027532844700285,-0.10652846947956947,-1.1962248149903507,-0.0,0.6,0.5,0.5,3.0,2.5
remote_+20pp,45,1.2,degree_hour,-1.0609107771706476,0.2802065330157575,3.805420884368573,-5.1465381945540685,0.0,4.851056568846833,-0.2641188486774004,-3.5869377201702894,-0.0,0.6,0.5,0.5,3.0,2.5
home_retention_30,45,1.2,degree_hour,-1.2949766253914277,0.1634796575806945,3.1790527791646355,-4.63750906213636,4.547473508864641e-13,3.5811527182852414,-0.12624139646634944,-2.454911321819199,-3.511625939572534e-13,0.6,0.5,0.5,3.0,2.5
RC_setback3,45,1.2,rc,0.28020653301609855,0.2802065330157575,0.0,0.0,0.0,0.0,0.9999999999987829,0.0,0.0,0.6,0.5,0.5,3.0,2.5
RC_lowmass,45,1.2,rc,0.28020653301609855,0.2802065330157575,0.0,0.0,0.0,0.0,0.9999999999987829,0.0,0.0,0.6,0.5,0.5,3.0,2.5
