era,lat,dE_pct,dC_pct,light_share_ST,cool_share_ST
1970s,25,0.07037317067553127,0.2272521803751488,0.25615745256479533,0.03482557681191519
1970s,35,0.030022074898013965,0.17652329936076205,0.24038000283648542,0.015801988648024547
1970s,45,-0.012916740759014144,0.12840781822776123,0.21692244525594528,0.006690504477224334
1970s,55,-0.06286570615734127,0.08374252862793304,0.19550163913910254,0.0012493184212842591
1990s,25,0.14286039711467216,0.3350066175979851,0.11609834891257322,0.12127579294902739
1990s,35,0.069867514804048,0.239927132193109,0.10997154176826406,0.05626965016934687
1990s,45,-0.012094706829440482,0.1435391533418127,0.09622095001037505,0.023666625095358496
1990s,55,-0.09026917805979796,0.06838643852048833,0.08389299492226704,0.0047744050412126034
2010s,25,0.20388195911336043,0.31984045134579153,0.07092395100441569,0.20026554196599955
2010s,35,0.11396384236623996,0.2047893974300782,0.06781867662345341,0.09562413125917547
2010s,45,-0.002070298179782055,0.06901758915432651,0.05745178130608921,0.040122063380330295
2010s,55,-0.1042966145036575,-0.038362739147181024,0.04853155211884522,0.008946395960353739
contemporary,25,0.2279502235552418,0.35748919476328006,0.04264529409434848,0.2426987848420429
contemporary,35,0.14035399272607377,0.23537261355033484,0.04147187560661807,0.11950749236302861
contemporary,45,0.010143553298553768,0.07283858435181476,0.034942801429146055,0.050813968776073457
contemporary,55,-0.10164999505292407,-0.05504491912249375,0.029301343653526844,0.01213487620986823
future+2C,25,0.25552925983019753,0.4006053258246872,0.02907023839571103,0.3026768240477262
future+2C,35,0.1760003450348154,0.2765613448365456,0.028740831621591908,0.1547498259078784
future+2C,45,0.024174160663205928,0.0758495981085822,0.023701023482355137,0.06625132785392004
future+2C,55,-0.09978489188484842,-0.07689201898704989,0.019467275526242504,0.01722706266378621
