lat,warming,ac_prevalence,p_light_scale,cop_cool,cop_heat,heat_electric_share,regime,peak_annual,peak_summer,peak_winter,p95,p99,par,peak_hour,peak_doy
20,0,0.25,0.55,3.0,2.5,0.5,ST,0.7216666666666668,0.7216666666666668,0.6151392200349429,0.6754749751915352,0.7035722673915811,1.3800106219688153,19,197
20,0,0.25,0.55,3.0,2.5,0.5,DST,0.7216666666666668,0.7216666666666668,0.6151392200349429,0.6781473893979297,0.7035722673915811,1.3787318563294315,19,197
20,0,0.25,0.55,3.0,2.5,0.5,SAS_daily_energy,0.697470752197875,0.697470752197875,0.6151392200349429,0.6643354867659285,0.6868653913756017,1.3366032602965556,20,197
20,0,0.25,0.55,3.0,2.5,0.5,SAS_monthly_energy,0.697470752197875,0.697470752197875,0.6149992941039483,0.6643354867659285,0.6868653913756017,1.3365593991895648,20,197
20,0,0.25,0.55,3.0,2.5,0.5,SAS_seasonal_energy,0.697470752197875,0.697470752197875,0.6149992941039483,0.663772243680405,0.6860844399035302,1.3363236985084863,20,197
20,0,0.25,0.55,3.0,2.5,0.5,SAS_threshold_energy,0.697470752197875,0.697470752197875,0.6151392200349429,0.6643354867659285,0.6868653913756017,1.3365440289604509,20,197
20,0,0.25,0.55,3.0,2.5,0.5,SAS_daily_carbon,0.697470752197875,0.697470752197875,0.6149992941039483,0.6643354867659285,0.6868653913756017,1.3362395763750885,20,197
20,0,0.25,0.55,3.0,2.5,0.5,SAS_monthly_carbon,0.697470752197875,0.697470752197875,0.6149992941039483,0.6643354867659285,0.6868653913756017,1.336225600832451,20,197
20,0,0.25,0.55,3.0,2.5,0.5,SAS_seasonal_carbon,0.697470752197875,0.697470752197875,0.6149992941039483,0.663772243680405,0.6860844399035302,1.33621253704492,20,197
20,0,0.25,0.55,3.0,2.5,0.5,SAS_threshold_carbon,0.697470752197875,0.697470752197875,0.6149992941039483,0.6643354867659285,0.6868653913756017,1.3365365239714768,20,197
20,0,0.25,0.55,3.0,2.5,0.5,SAS_daily_morning,0.697470752197875,0.697470752197875,0.6151392200349429,0.6643354867659285,0.6868653913756017,1.3366032602965556,20,197
20,0,0.25,0.55,3.0,2.5,0.5,SAS_monthly_morning,0.697470752197875,0.697470752197875,0.6149992941039483,0.6643354867659285,0.6868653913756017,1.3365593991895648,20,197
20,0,0.25,0.55,3.0,2.5,0.5,SAS_seasonal_morning,0.697470752197875,0.697470752197875,0.6149992941039483,0.663772243680405,0.6860844399035302,1.3363236985084863,20,197
20,0,0.25,0.55,3.0,2.5,0.5,SAS_threshold_morning,0.697470752197875,0.697470752197875,0.6151392200349429,0.6643354867659285,0.6868653913756017,1.3365440289604509,20,197
20,0,0.75,0.55,3.0,2.5,0.5,ST,1.0550000000000002,1.0550000000000002,0.7420176601048292,0.9704736135521419,1.0258050296358012,1.6532412312478797,19,197
20,0,0.75,0.55,3.0,2.5,0.5,DST,1.0550000000000002,1.0550000000000002,0.7420176601048292,0.9795180044519188,1.0379828768788673,1.6496621714574755,19,197
20,0,0.75,0.55,3.0,2.5,0.5,SAS_daily_energy,0.9899999999999998,0.9899999999999998,0.7404630313660643,0.9533475953351566,0.982363555201095,1.5607534162608876,15,197
20,0,0.75,0.55,3.0,2.5,0.5,SAS_monthly_energy,0.9899999999999998,0.9899999999999998,0.7404630313660643,0.9533475953351566,0.982363555201095,1.5607165114129464,15,197
20,0,0.75,0.55,3.0,2.5,0.5,SAS_seasonal_energy,0.9899999999999998,0.9899999999999998,0.7404630313660643,0.9533475953351566,0.982363555201095,1.5604265090886817,15,197
20,0,0.75,0.55,3.0,2.5,0.5,SAS_threshold_energy,0.9899999999999998,0.9899999999999998,0.7404630313660643,0.9533475953351566,0.982363555201095,1.5607121822061973,15,197
20,0,0.75,0.55,3.0,2.5,0.5,SAS_daily_carbon,0.9899999999999998,0.9899999999999998,0.7404630313660643,0.9533475953351566,0.982363555201095,1.5606624336415884,15,197
20,0,0.75,0.55,3.0,2.5,0.5,SAS_monthly_carbon,0.9899999999999998,0.9899999999999998,0.7404630313660643,0.9533475953351566,0.982363555201095,1.560657049596941,15,197
20,0,0.75,0.55,3.0,2.5,0.5,SAS_seasonal_carbon,0.9899999999999998,0.9899999999999998,0.7404630313660643,0.9533475953351566,0.982363555201095,1.5604265090886817,15,197
20,0,0.75,0.55,3.0,2.5,0.5,SAS_threshold_carbon,0.9899999999999998,0.9899999999999998,0.7404630313660643,0.9533475953351566,0.982363555201095,1.5606624336415884,15,197
20,0,0.75,0.55,3.0,2.5,0.5,SAS_daily_morning,0.9899999999999998,0.9899999999999998,0.7404630313660643,0.9533475953351566,0.982363555201095,1.5607534162608876,15,197
20,0,0.75,0.55,3.0,2.5,0.5,SAS_monthly_morning,0.9899999999999998,0.9899999999999998,0.7404630313660643,0.9533475953351566,0.982363555201095,1.5607165114129464,15,197
20,0,0.75,0.55,3.0,2.5,0.5,SAS_seasonal_morning,0.9899999999999998,0.9899999999999998,0.7404630313660643,0.9533475953351566,0.982363555201095,1.5604265090886817,15,197
20,0,0.75,0.55,3.0,2.5,0.5,SAS_threshold_morning,0.9899999999999998,0.9899999999999998,0.7404630313660643,0.9533475953351566,0.982363555201095,1.5607121822061973,15,197
20,2,0.25,0.55,3.0,2.5,0.5,ST,0.7466666666666666,0.7466666666666666,0.638639220034943,0.6999275812288082,0.728572267391581,1.395001099850052,19,197
20,2,0.25,0.55,3.0,2.5,0.5,DST,0.7466666666666666,0.7466666666666666,0.638639220034943,0.7017901560097501,0.728572267391581,1.3937278417999093,19,197
20,2,0.25,0.55,3.0,2.5,0.5,SAS_daily_energy,0.721720752197875,0.721720752197875,0.6347492941039482,0.6865827085987543,0.7091608390088919,1.3516883820253178,20,197
20,2,0.25,0.55,3.0,2.5,0.5,SAS_monthly_energy,0.721720752197875,0.721720752197875,0.6347492941039482,0.6865827085987543,0.7091608390088919,1.351680128010992,20,197
20,2,0.25,0.55,3.0,2.5,0.5,SAS_seasonal_energy,0.721720752197875,0.721720752197875,0.6347492941039482,0.686189979416534,0.7091271600493136,1.3516210284994603,20,197
20,2,0.25,0.55,3.0,2.5,0.5,SAS_threshold_energy,0.721720752197875,0.721720752197875,0.638639220034943,0.6865827085987543,0.7091608390088919,1.3515426516342566,20,197
20,2,0.25,0.55,3.0,2.5,0.5,SAS_daily_carbon,0.721720752197875,0.721720752197875,0.6347492941039482,0.6865827085987543,0.7091608390088919,1.3516879870850877,20,197
20,2,0.25,0.55,3.0,2.5,0.5,SAS_monthly_carbon,0.721720752197875,0.721720752197875,0.6347492941039482,0.6865827085987543,0.7091608390088919,1.351680128010992,20,197
20,2,0.25,0.55,3.0,2.5,0.5,SAS_seasonal_carbon,0.721720752197875,0.721720752197875,0.6347492941039482,0.686189979416534,0.7091271600493136,1.3516210284994603,20,197
20,2,0.25,0.55,3.0,2.5,0.5,SAS_threshold_carbon,0.721720752197875,0.721720752197875,0.6347492941039482,0.6865827085987543,0.7091608390088919,1.3516879870850877,20,197
20,2,0.25,0.55,3.0,2.5,0.5,SAS_daily_morning,0.721720752197875,0.721720752197875,0.6347492941039482,0.6865827085987543,0.7091608390088919,1.3516883820253178,20,197
20,2,0.25,0.55,3.0,2.5,0.5,SAS_monthly_morning,0.721720752197875,0.721720752197875,0.6347492941039482,0.6865827085987543,0.7091608390088919,1.351680128010992,20,197
20,2,0.25,0.55,3.0,2.5,0.5,SAS_seasonal_morning,0.721720752197875,0.721720752197875,0.6347492941039482,0.686189979416534,0.7091271600493136,1.3516210284994603,20,197
20,2,0.25,0.55,3.0,2.5,0.5,SAS_threshold_morning,0.721720752197875,0.721720752197875,0.638639220034943,0.6865827085987543,0.7091608390088919,1.3515426516342566,20,197
20,2,0.75,0.55,3.0,2.5,0.5,ST,1.13,1.13,0.812517660104829,1.0353846892242045,1.0972230066434496,1.6532564146507431,19,197
20,2,0.75,0.55,3.0,2.5,0.5,DST,1.13,1.13,0.812517660104829,1.0436592640137983,1.111512596026515,1.6498857922576036,19,197
20,2,0.75,0.55,3.0,2.5,0.5,SAS_daily_energy,1.058462256593625,1.058462256593625,0.8000971326435229,1.0156064904264448,1.043701921678189,1.5592861443692831,20,197
20,2,0.75,0.55,3.0,2.5,0.5,SAS_monthly_energy,1.058462256593625,1.058462256593625,0.8000971326435229,1.0156064904264448,1.043701921678189,1.5592861443692831,20,197
20,2,0.75,0.55,3.0,2.5,0.5,SAS_seasonal_energy,1.058462256593625,1.058462256593625,0.8000971326435229,1.0156064904264448,1.043701921678189,1.5592861443692831,20,197
20,2,0.75,0.55,3.0,2.5,0.5,SAS_threshold_energy,1.058462256593625,1.058462256593625,0.8000971326435229,1.0156064904264448,1.043701921678189,1.5592861443692831,20,197
20,2,0.75,0.55,3.0,2.5,0.5,SAS_daily_carbon,1.058462256593625,1.058462256593625,0.8000971326435229,1.0156064904264448,1.043701921678189,1.5592861443692831,20,197
20,2,0.75,0.55,3.0,2.5,0.5,SAS_monthly_carbon,1.058462256593625,1.058462256593625,0.8000971326435229,1.0156064904264448,1.043701921678189,1.5592861443692831,20,197
20,2,0.75,0.55,3.0,2.5,0.5,SAS_seasonal_carbon,1.058462256593625,1.058462256593625,0.8000971326435229,1.0156064904264448,1.043701921678189,1.5592861443692831,20,197
20,2,0.75,0.55,3.0,2.5,0.5,SAS_threshold_carbon,1.058462256593625,1.058462256593625,0.8000971326435229,1.0156064904264448,1.043701921678189,1.5592861443692831,20,197
20,2,0.75,0.55,3.0,2.5,0.5,SAS_daily_morning,1.058462256593625,1.058462256593625,0.8000971326435229,1.0156064904264448,1.043701921678189,1.5592861443692831,20,197
20,2,0.75,0.55,3.0,2.5,0.5,SAS_monthly_morning,1.058462256593625,1.058462256593625,0.8000971326435229,1.0156064904264448,1.043701921678189,1.5592861443692831,20,197
20,2,0.75,0.55,3.0,2.5,0.5,SAS_seasonal_morning,1.058462256593625,1.058462256593625,0.8000971326435229,1.0156064904264448,1.043701921678189,1.5592861443692831,20,197
20,2,0.75,0.55,3.0,2.5,0.5,SAS_threshold_morning,1.058462256593625,1.058462256593625,0.8000971326435229,1.0156064904264448,1.043701921678189,1.5592861443692831,20,197
20,4,0.25,0.55,3.0,2.5,0.5,ST,0.7716666666666666,0.7716666666666666,0.662139220034943,0.7245066890422233,0.753572267391581,1.3972995177785716,19,197
20,4,0.25,0.55,3.0,2.5,0.5,DST,0.7716666666666666,0.7716666666666666,0.662139220034943,0.726689472314132,0.753572267391581,1.3960541571084168,19,197
20,4,0.25,0.55,3.0,2.5,0.5,SAS_daily_energy,0.745970752197875,0.745970752197875,0.6705157108811743,0.7083588562559603,0.7335960748643789,1.3542093533440542,20,197
20,4,0.25,0.55,3.0,2.5,0.5,SAS_monthly_energy,0.745970752197875,0.745970752197875,0.6705157108811743,0.7083588562559603,0.7335960748643789,1.3542028477152157,20,197
20,4,0.25,0.55,3.0,2.5,0.5,SAS_seasonal_energy,0.745970752197875,0.745970752197875,0.6705157108811743,0.7083588562559603,0.7335960748643789,1.3541846006361693,20,197
20,4,0.25,0.55,3.0,2.5,0.5,SAS_threshold_energy,0.745970752197875,0.745970752197875,0.6705157108811743,0.7083588562559603,0.7335960748643789,1.3542093533440542,20,197
20,4,0.25,0.55,3.0,2.5,0.5,SAS_daily_carbon,0.745970752197875,0.745970752197875,0.6705157108811743,0.7083588562559603,0.7335960748643789,1.354208346695975,20,197
20,4,0.25,0.55,3.0,2.5,0.5,SAS_monthly_carbon,0.745970752197875,0.745970752197875,0.6705157108811743,0.7083588562559603,0.7335960748643789,1.3542003659866293,20,197
20,4,0.25,0.55,3.0,2.5,0.5,SAS_seasonal_carbon,0.745970752197875,0.745970752197875,0.6705157108811743,0.7083588562559603,0.7335960748643789,1.3541846006361693,20,197
20,4,0.25,0.55,3.0,2.5,0.5,SAS_threshold_carbon,0.745970752197875,0.745970752197875,0.6705157108811743,0.7083588562559603,0.7335960748643789,1.354208346695975,20,197
20,4,0.25,0.55,3.0,2.5,0.5,SAS_daily_morning,0.745970752197875,0.745970752197875,0.6705157108811743,0.7083588562559603,0.7335960748643789,1.3542093533440542,20,197
20,4,0.25,0.55,3.0,2.5,0.5,SAS_monthly_morning,0.745970752197875,0.745970752197875,0.6705157108811743,0.7083588562559603,0.7335960748643789,1.3542028477152157,20,197
20,4,0.25,0.55,3.0,2.5,0.5,SAS_seasonal_morning,0.745970752197875,0.745970752197875,0.6705157108811743,0.7083588562559603,0.7335960748643789,1.3541846006361693,20,197
20,4,0.25,0.55,3.0,2.5,0.5,SAS_threshold_morning,0.745970752197875,0.745970752197875,0.6705157108811743,0.7083588562559603,0.7335960748643789,1.3542093533440542,20,197
20,4,0.75,0.55,3.0,2.5,0.5,ST,1.205,1.205,0.8830176601048288,1.098562298908877,1.168481797394816,1.6370517721427824,19,197
20,4,0.75,0.55,3.0,2.5,0.5,DST,1.205,1.205,0.8830176601048288,1.1088551723728686,1.1850017300166455,1.6339277911246508,19,197
20,4,0.75,0.55,3.0,2.5,0.5,SAS_daily_energy,1.1312122565936251,1.1312122565936251,0.8608471326435229,1.0781866037611247,1.1055960101297662,1.5478191496658058,20,197
20,4,0.75,0.55,3.0,2.5,0.5,SAS_monthly_energy,1.1312122565936251,1.1312122565936251,0.8608471326435229,1.0781866037611247,1.1055960101297662,1.5478191496658058,20,197
20,4,0.75,0.55,3.0,2.5,0.5,SAS_seasonal_energy,1.1312122565936251,1.1312122565936251,0.8608471326435229,1.0781866037611247,1.1055960101297662,1.5478191496658058,20,197
20,4,0.75,0.55,3.0,2.5,0.5,SAS_threshold_energy,1.1312122565936251,1.1312122565936251,0.8608471326435229,1.0781866037611247,1.1055960101297662,1.5478191496658058,20,197
20,4,0.75,0.55,3.0,2.5,0.5,SAS_daily_carbon,1.1312122565936251,1.1312122565936251,0.8608471326435229,1.0781866037611247,1.1055960101297662,1.5478191496658058,20,197
20,4,0.75,0.55,3.0,2.5,0.5,SAS_monthly_carbon,1.1312122565936251,1.1312122565936251,0.8608471326435229,1.0781866037611247,1.1055960101297662,1.5478191496658058,20,197
20,4,0.75,0.55,3.0,2.5,0.5,SAS_seasonal_carbon,1.1312122565936251,1.1312122565936251,0.8608471326435229,1.0781866037611247,1.1055960101297662,1.5478191496658058,20,197
20,4,0.75,0.55,3.0,2.5,0.5,SAS_threshold_carbon,1.1312122565936251,1.1312122565936251,0.8608471326435229,1.0781866037611247,1.1055960101297662,1.5478191496658058,20,197
20,4,0.75,0.55,3.0,2.5,0.5,SAS_daily_morning,1.1312122565936251,1.1312122565936251,0.8608471326435229,1.0781866037611247,1.1055960101297662,1.5478191496658058,20,197
20,4,0.75,0.55,3.0,2.5,0.5,SAS_monthly_morning,1.1312122565936251,1.1312122565936251,0.8608471326435229,1.0781866037611247,1.1055960101297662,1.5478191496658058,20,197
20,4,0.75,0.55,3.0,2.5,0.5,SAS_seasonal_morning,1.1312122565936251,1.1312122565936251,0.8608471326435229,1.0781866037611247,1.1055960101297662,1.5478191496658058,20,197
20,4,0.75,0.55,3.0,2.5,0.5,SAS_threshold_morning,1.1312122565936251,1.1312122565936251,0.8608471326435229,1.0781866037611247,1.1055960101297662,1.5478191496658058,20,197
30,0,0.25,0.55,3.0,2.5,0.5,ST,0.979985183646506,0.6855248722457741,0.979985183646506,0.7144344064667263,0.903897833683581,1.7774861380483786,23,14
30,0,0.25,0.55,3.0,2.5,0.5,DST,0.979985183646506,0.6855248722457741,0.979985183646506,0.7144344064667263,0.903897833683581,1.7764628425876103,23,14
30,0,0.25,0.55,3.0,2.5,0.5,SAS_daily_energy,0.8299851836465063,0.6631165855312084,0.8299851836465063,0.7035677686498443,0.7913902334084039,1.5116489379941052,21,14
30,0,0.25,0.55,3.0,2.5,0.5,SAS_monthly_energy,0.8299851836465063,0.6631165855312084,0.8299851836465063,0.7035677686498443,0.7913902334084039,1.511446753853061,21,14
30,0,0.25,0.55,3.0,2.5,0.5,SAS_seasonal_energy,0.8299851836465063,0.668535880902708,0.8299851836465063,0.7074585747093725,0.7913902334084039,1.5103399128052601,21,14
30,0,0.25,0.55,3.0,2.5,0.5,SAS_threshold_energy,0.8299851836465063,0.6631165855312084,0.8299851836465063,0.7035677686498443,0.7913902334084039,1.5116055814653226,21,14
30,0,0.25,0.55,3.0,2.5,0.5,SAS_daily_carbon,0.8299851836465063,0.6631165855312084,0.8299851836465063,0.7035677686498443,0.7913902334084039,1.5115005984813525,21,14
30,0,0.25,0.55,3.0,2.5,0.5,SAS_monthly_carbon,0.8299851836465063,0.6631165855312084,0.8299851836465063,0.7035677686498443,0.7913902334084039,1.5113197092465789,21,14
30,0,0.25,0.55,3.0,2.5,0.5,SAS_seasonal_carbon,0.8299851836465063,0.668535880902708,0.8299851836465063,0.7074585747093725,0.7913902334084039,1.5103399128052601,21,14
30,0,0.25,0.55,3.0,2.5,0.5,SAS_threshold_carbon,0.8299851836465063,0.6631165855312084,0.8299851836465063,0.7035677686498443,0.7913902334084039,1.5114892973526128,21,14
30,0,0.25,0.55,3.0,2.5,0.5,SAS_daily_morning,0.979985183646506,0.6631165855312084,0.979985183646506,0.7143959943352796,0.903897833683581,1.7803769136922118,23,14
30,0,0.25,0.55,3.0,2.5,0.5,SAS_monthly_morning,0.979985183646506,0.6631165855312084,0.979985183646506,0.7144344064667263,0.903897833683581,1.7801311473598356,23,14
30,0,0.25,0.55,3.0,2.5,0.5,SAS_seasonal_morning,0.979985183646506,0.668535880902708,0.979985183646506,0.7173041896575347,0.903897833683581,1.7792321421113166,23,14
30,0,0.25,0.55,3.0,2.5,0.5,SAS_threshold_morning,0.979985183646506,0.6631165855312084,0.979985183646506,0.7143977727398056,0.903897833683581,1.780332001585105,23,14
30,0,0.75,0.55,3.0,2.5,0.5,ST,0.979985183646506,0.9469040269966508,0.979985183646506,0.8818774243768079,0.9348688665324028,1.6155366325944873,23,14
30,0,0.75,0.55,3.0,2.5,0.5,DST,0.979985183646506,0.9469040269966508,0.979985183646506,0.8875328506473289,0.9376492998789983,1.612731817515647,23,14
30,0,0.75,0.55,3.0,2.5,0.5,SAS_daily_energy,0.9050000000000001,0.9050000000000001,0.8299851836465063,0.8515953727212916,0.8928821364737591,1.501297934004849,15,197
30,0,0.75,0.55,3.0,2.5,0.5,SAS_monthly_energy,0.9050000000000001,0.9050000000000001,0.8299851836465063,0.8515953727212916,0.8928821364737591,1.5010242855211746,15,197
30,0,0.75,0.55,3.0,2.5,0.5,SAS_seasonal_energy,0.9050000000000001,0.9050000000000001,0.8697229894873152,0.8518093595719093,0.8928821364737591,1.4995323149799125,15,197
30,0,0.75,0.55,3.0,2.5,0.5,SAS_threshold_energy,0.9050000000000001,0.9050000000000001,0.8299851836465063,0.8515953727212916,0.8928821364737591,1.501257147863305,15,197
30,0,0.75,0.55,3.0,2.5,0.5,SAS_daily_carbon,0.9050000000000001,0.9050000000000001,0.8299851836465063,0.8515953727212916,0.8928821364737591,1.5011575856227637,15,197
30,0,0.75,0.55,3.0,2.5,0.5,SAS_monthly_carbon,0.9050000000000001,0.9050000000000001,0.8299851836465063,0.8515953727212916,0.8928821364737591,1.5008312749363029,15,197
30,0,0.75,0.55,3.0,2.5,0.5,SAS_seasonal_carbon,0.9050000000000001,0.9050000000000001,0.8299851836465063,0.8515953727212916,0.8928821364737591,1.4993378935178252,15,197
30,0,0.75,0.55,3.0,2.5,0.5,SAS_threshold_carbon,0.9050000000000001,0.9050000000000001,0.8299851836465063,0.8515953727212916,0.8928821364737591,1.5011556978132945,15,197
30,0,0.75,0.55,3.0,2.5,0.5,SAS_daily_morning,0.979985183646506,0.9050000000000001,0.979985183646506,0.8672273315500822,0.9049644414101878,1.6220702183185083,23,14
30,0,0.75,0.55,3.0,2.5,0.5,SAS_monthly_morning,0.979985183646506,0.9050000000000001,0.979985183646506,0.8672273315500822,0.9049644414101878,1.621815310210338,23,14
30,0,0.75,0.55,3.0,2.5,0.5,SAS_seasonal_morning,0.979985183646506,0.9050000000000001,0.979985183646506,0.8672273315500822,0.9049644414101878,1.6207991706296743,23,14
30,0,0.75,0.55,3.0,2.5,0.5,SAS_threshold_morning,0.979985183646506,0.9050000000000001,0.979985183646506,0.8672273315500822,0.9049644414101878,1.622032520099996,23,14
30,2,0.25,0.55,3.0,2.5,0.5,ST,0.8799851836465061,0.710524872245774,0.8799851836465061,0.678401295413412,0.803897833683581,1.6333531792287896,23,14
30,2,0.25,0.55,3.0,2.5,0.5,DST,0.8799851836465061,0.710524872245774,0.8799851836465061,0.678401295413412,0.803897833683581,1.6320434458231583,23,14
30,2,0.25,0.55,3.0,2.5,0.5,SAS_daily_energy,0.7402618655355795,0.6873665855312083,0.7402618655355795,0.6621880260522751,0.709579619398981,1.3787815180880574,6,14
30,2,0.25,0.55,3.0,2.5,0.5,SAS_monthly_energy,0.7402618655355795,0.6873665855312083,0.7402618655355795,0.6628559423688857,0.709579619398981,1.3786471832953908,6,14
30,2,0.25,0.55,3.0,2.5,0.5,SAS_seasonal_energy,0.7697229894873153,0.6873665855312083,0.7697229894873153,0.6626315604462095,0.7175188369063289,1.4326676407589243,22,354
30,2,0.25,0.55,3.0,2.5,0.5,SAS_threshold_energy,0.7402618655355795,0.6873665855312083,0.7402618655355795,0.6621880260522751,0.709579619398981,1.3787302681157767,6,14
30,2,0.25,0.55,3.0,2.5,0.5,SAS_daily_carbon,0.7402618655355795,0.6873665855312083,0.7402618655355795,0.6619847264484587,0.709579619398981,1.3786406009356622,6,14
30,2,0.25,0.55,3.0,2.5,0.5,SAS_monthly_carbon,0.7402618655355795,0.6873665855312083,0.7402618655355795,0.6621880260522751,0.709579619398981,1.378458568200023,6,14
30,2,0.25,0.55,3.0,2.5,0.5,SAS_seasonal_carbon,0.7402618655355795,0.6873665855312083,0.7402618655355795,0.662360736895086,0.709579619398981,1.377714113061798,6,14
30,2,0.25,0.55,3.0,2.5,0.5,SAS_threshold_carbon,0.7402618655355795,0.6873665855312083,0.7402618655355795,0.6624340146297755,0.709579619398981,1.3786457153607947,6,14
30,2,0.25,0.55,3.0,2.5,0.5,SAS_daily_morning,0.8799851836465061,0.6873665855312083,0.8799851836465061,0.6652657742276273,0.803897833683581,1.636299675256044,23,14
30,2,0.25,0.55,3.0,2.5,0.5,SAS_monthly_morning,0.8799851836465061,0.6873665855312083,0.8799851836465061,0.6652657742276273,0.803897833683581,1.636151580964541,23,14
30,2,0.25,0.55,3.0,2.5,0.5,SAS_seasonal_morning,0.8799851836465061,0.6873665855312083,0.8799851836465061,0.6653744688528435,0.803897833683581,1.6356210588195212,23,14
30,2,0.25,0.55,3.0,2.5,0.5,SAS_threshold_morning,0.8799851836465061,0.6873665855312083,0.8799851836465061,0.6652657742276273,0.803897833683581,1.6362606944118008,23,14
30,2,0.75,0.55,3.0,2.5,0.5,ST,1.0219040269966508,1.0219040269966508,0.8799851836465061,0.9316410491862006,0.9795894700893949,1.6614543826776786,19,202
30,2,0.75,0.55,3.0,2.5,0.5,DST,1.0219040269966508,1.0219040269966508,0.8799851836465061,0.9379703565890193,0.9983377635882167,1.658071235316717,19,202
30,2,0.75,0.55,3.0,2.5,0.5,SAS_daily_energy,0.9650000000000001,0.9650000000000001,0.7402618655355795,0.9121369967911077,0.9545767941403526,1.5783878342946278,15,197
30,2,0.75,0.55,3.0,2.5,0.5,SAS_monthly_energy,0.9650000000000001,0.9650000000000001,0.7402618655355795,0.9121369967911077,0.9545767941403526,1.5781487319770793,15,197
30,2,0.75,0.55,3.0,2.5,0.5,SAS_seasonal_energy,0.9650000000000001,0.9650000000000001,0.8420772759565589,0.9121369967911077,0.9545767941403526,1.5769073170418004,15,197
30,2,0.75,0.55,3.0,2.5,0.5,SAS_threshold_energy,0.9650000000000001,0.9650000000000001,0.7402618655355795,0.9121369967911077,0.9545767941403526,1.5783432264226902,15,197
30,2,0.75,0.55,3.0,2.5,0.5,SAS_daily_carbon,0.9650000000000001,0.9650000000000001,0.7402618655355795,0.9121369967911077,0.9545767941403526,1.5782256165369992,15,197
30,2,0.75,0.55,3.0,2.5,0.5,SAS_monthly_carbon,0.9650000000000001,0.9650000000000001,0.7682668598215444,0.9121369967911077,0.9545767941403526,1.5779724442347578,15,197
30,2,0.75,0.55,3.0,2.5,0.5,SAS_seasonal_carbon,0.9650000000000001,0.9650000000000001,0.8702409379000224,0.9121369967911077,0.9545767941403526,1.5760783933795606,15,197
30,2,0.75,0.55,3.0,2.5,0.5,SAS_threshold_carbon,0.9650000000000001,0.9650000000000001,0.7402618655355795,0.9121369967911077,0.9545767941403526,1.5782481327562294,15,197
30,2,0.75,0.55,3.0,2.5,0.5,SAS_daily_morning,0.9650000000000001,0.9650000000000001,0.8799851836465061,0.9121369967911077,0.9545767941403526,1.5762345627473828,15,197
30,2,0.75,0.55,3.0,2.5,0.5,SAS_monthly_morning,0.9650000000000001,0.9650000000000001,0.8799851836465061,0.9121369967911077,0.9545767941403526,1.5760477549707888,15,197
30,2,0.75,0.55,3.0,2.5,0.5,SAS_seasonal_morning,0.9650000000000001,0.9650000000000001,0.8799851836465061,0.9121369967911077,0.9545767941403526,1.5752811331095278,15,197
30,2,0.75,0.55,3.0,2.5,0.5,SAS_threshold_morning,0.9650000000000001,0.9650000000000001,0.8799851836465061,0.9121369967911077,0.9545767941403526,1.5762197819579167,15,197
30,4,0.25,0.55,3.0,2.5,0.5,ST,0.7799851836465063,0.7355248722457741,0.7799851836465063,0.6857124444936569,0.7303389075207917,1.4591568872394443,23,14
30,4,0.25,0.55,3.0,2.5,0.5,DST,0.7799851836465063,0.7355248722457741,0.7799851836465063,0.6907501995113035,0.7303389075207917,1.457871906124427,23,14
30,4,0.25,0.55,3.0,2.5,0.5,SAS_daily_energy,0.7116165855312084,0.7116165855312084,0.6732618655355794,0.6719199436492506,0.696762814558636,1.334982395849241,20,197
30,4,0.25,0.55,3.0,2.5,0.5,SAS_monthly_energy,0.7116165855312084,0.7116165855312084,0.6732618655355794,0.6718887569698263,0.696762814558636,1.3348476428736449,20,197
30,4,0.25,0.55,3.0,2.5,0.5,SAS_seasonal_energy,0.7420772759565588,0.7116165855312084,0.7420772759565588,0.6723436820270472,0.6981298040724409,1.391538387788152,23,354
30,4,0.25,0.55,3.0,2.5,0.5,SAS_threshold_energy,0.7116165855312084,0.7116165855312084,0.6732618655355794,0.6719199436492506,0.696762814558636,1.3349240489958059,20,197
30,4,0.25,0.55,3.0,2.5,0.5,SAS_daily_carbon,0.7116165855312084,0.7116165855312084,0.6732618655355794,0.6719199436492506,0.696762814558636,1.3348331893124241,20,197
30,4,0.25,0.55,3.0,2.5,0.5,SAS_monthly_carbon,0.7116165855312084,0.7116165855312084,0.6732618655355794,0.6719973628304399,0.696762814558636,1.3347484682953943,20,197
30,4,0.25,0.55,3.0,2.5,0.5,SAS_seasonal_carbon,0.7742409379000225,0.7116165855312084,0.7742409379000225,0.6726410976957589,0.7005654358200197,1.4511286593272543,0,354
30,4,0.25,0.55,3.0,2.5,0.5,SAS_threshold_carbon,0.7116165855312084,0.7116165855312084,0.6821973256290721,0.6719973628304399,0.696762814558636,1.3348538068319216,20,197
30,4,0.25,0.55,3.0,2.5,0.5,SAS_daily_morning,0.7799851836465063,0.7116165855312084,0.7799851836465063,0.6757049028822143,0.710454784100587,1.4620550144238975,23,14
30,4,0.25,0.55,3.0,2.5,0.5,SAS_monthly_morning,0.7799851836465063,0.7116165855312084,0.7799851836465063,0.6757049028822143,0.710454784100587,1.4620054373095084,23,14
30,4,0.25,0.55,3.0,2.5,0.5,SAS_seasonal_morning,0.7799851836465063,0.7116165855312084,0.7799851836465063,0.6753684927909481,0.710454784100587,1.461739144767017,23,14
30,4,0.25,0.55,3.0,2.5,0.5,SAS_threshold_morning,0.7799851836465063,0.7116165855312084,0.7799851836465063,0.6757049028822143,0.710454784100587,1.4620251984335944,23,14
30,4,0.75,0.55,3.0,2.5,0.5,ST,1.0969040269966506,1.0969040269966506,0.7799851836465063,0.995710420328213,1.0511487346558852,1.7244062446796897,19,202
30,4,0.75,0.55,3.0,2.5,0.5,DST,1.0969040269966506,1.0969040269966506,0.7799851836465063,1.0013604041916522,1.0703117502766477,1.7207492385333678,19,202
30,4,0.75,0.55,3.0,2.5,0.5,SAS_daily_energy,1.028149756593625,1.028149756593625,0.6732618655355794,0.9763043440815832,1.017149038086356,1.625433233415645,20,197
30,4,0.75,0.55,3.0,2.5,0.5,SAS_monthly_energy,1.028149756593625,1.028149756593625,0.6952496438205187,0.9763043440815832,1.017149038086356,1.625299832891308,20,197
30,4,0.75,0.55,3.0,2.5,0.5,SAS_seasonal_energy,1.028149756593625,1.028149756593625,0.7420772759565588,0.9763043440815832,1.017149038086356,1.623990523614128,20,197
30,4,0.75,0.55,3.0,2.5,0.5,SAS_threshold_energy,1.028149756593625,1.028149756593625,0.699511749154546,0.9763043440815832,1.017149038086356,1.625374354090993,20,197
30,4,0.75,0.55,3.0,2.5,0.5,SAS_daily_carbon,1.028149756593625,1.028149756593625,0.699511749154546,0.9763043440815832,1.017149038086356,1.6252446090141262,20,197
30,4,0.75,0.55,3.0,2.5,0.5,SAS_monthly_carbon,1.028149756593625,1.028149756593625,0.6732618655355794,0.9763043440815832,1.017149038086356,1.6252040777232535,20,197
30,4,0.75,0.55,3.0,2.5,0.5,SAS_seasonal_carbon,1.028149756593625,1.028149756593625,0.7742409379000225,0.9763043440815832,1.017149038086356,1.6237590181564692,20,197
30,4,0.75,0.55,3.0,2.5,0.5,SAS_threshold_carbon,1.028149756593625,1.028149756593625,0.7190163691571324,0.9763043440815832,1.017149038086356,1.625277824944857,20,197
30,4,0.75,0.55,3.0,2.5,0.5,SAS_daily_morning,1.028149756593625,1.028149756593625,0.7799851836465063,0.9763043440815832,1.017149038086356,1.6246006596990525,20,197
30,4,0.75,0.55,3.0,2.5,0.5,SAS_monthly_morning,1.028149756593625,1.028149756593625,0.7799851836465063,0.9763043440815832,1.017149038086356,1.6245003695141322,20,197
30,4,0.75,0.55,3.0,2.5,0.5,SAS_seasonal_morning,1.028149756593625,1.028149756593625,0.7799851836465063,0.9763043440815832,1.017149038086356,1.6234344873138575,20,197
30,4,0.75,0.55,3.0,2.5,0.5,SAS_threshold_morning,1.028149756593625,1.028149756593625,0.7799851836465063,0.9763043440815832,1.017149038086356,1.6245823451909824,20,197
40,0,0.25,0.55,3.0,2.5,0.5,ST,1.3883135781953415,0.7165937082294401,1.3883135781953415,1.074018463994122,1.306160881916172,2.0739662203090994,23,14
40,0,0.25,0.55,3.0,2.5,0.5,DST,1.3883135781953415,0.6442394217601963,1.3883135781953415,1.074018463994122,1.306160881916172,2.0746464401748352,23,14
40,0,0.25,0.55,3.0,2.5,0.5,SAS_daily_energy,1.2383135781953416,0.6442394217601963,1.2383135781953416,1.0348443833527523,1.1520333823319029,1.8577032241870892,21,14
40,0,0.25,0.55,3.0,2.5,0.5,SAS_monthly_energy,1.2383135781953416,0.6442394217601963,1.2383135781953416,1.0348443833527523,1.1520333823319029,1.857562274087882,21,14
40,0,0.25,0.55,3.0,2.5,0.5,SAS_seasonal_energy,1.2383135781953416,0.6854028508405572,1.2383135781953416,1.0348443833527523,1.1520333823319029,1.8566500969249178,21,14
40,0,0.25,0.55,3.0,2.5,0.5,SAS_threshold_energy,1.2383135781953416,0.6442394217601963,1.2383135781953416,1.0348443833527523,1.1520333823319029,1.8576662454225747,21,14
40,0,0.25,0.55,3.0,2.5,0.5,SAS_daily_carbon,1.2383135781953416,0.6356027891999821,1.2383135781953416,1.0348443833527523,1.1520333823319029,1.8575772502582149,21,14
40,0,0.25,0.55,3.0,2.5,0.5,SAS_monthly_carbon,1.2383135781953416,0.7497767128819883,1.2383135781953416,1.0348443833527523,1.1520333823319029,1.8570432351519348,21,14
40,0,0.25,0.55,3.0,2.5,0.5,SAS_seasonal_carbon,1.2383135781953416,0.6854028508405572,1.2383135781953416,1.0348443833527523,1.1520333823319029,1.8566500969249178,21,14
40,0,0.25,0.55,3.0,2.5,0.5,SAS_threshold_carbon,1.2383135781953416,0.6814842214869439,1.2383135781953416,1.0348443833527523,1.1520333823319029,1.8575579843985666,21,14
40,0,0.25,0.55,3.0,2.5,0.5,SAS_daily_morning,1.3883135781953415,0.6442394217601963,1.3883135781953415,1.1062397132450634,1.3101430354212442,2.07421761608382,23,14
40,0,0.25,0.55,3.0,2.5,0.5,SAS_monthly_morning,1.3883135781953415,0.6442394217601963,1.3883135781953415,1.1001907943744558,1.3101430354212442,2.073984993851643,23,14
40,0,0.25,0.55,3.0,2.5,0.5,SAS_seasonal_morning,1.3883135781953415,0.7165937082294401,1.3883135781953415,1.1309256932320788,1.3101430354212442,2.0699205634465057,23,14
40,0,0.25,0.55,3.0,2.5,0.5,SAS_threshold_morning,1.3883135781953415,0.6442394217601963,1.3883135781953415,1.106150763020835,1.3101430354212442,2.0741971068425906,23,14
40,0,0.75,0.55,3.0,2.5,0.5,ST,1.3883135781953415,0.82,1.3883135781953415,1.074018463994122,1.306160881916172,1.992680737126638,23,14
40,0,0.75,0.55,3.0,2.5,0.5,DST,1.3883135781953415,0.8402672585833788,1.3883135781953415,1.074018463994122,1.306160881916172,1.9919453140389607,23,14
40,0,0.75,0.55,3.0,2.5,0.5,SAS_daily_energy,1.2383135781953416,0.82,1.2383135781953416,1.0348443833527523,1.1520333823319029,1.7867555631774723,21,14
40,0,0.75,0.55,3.0,2.5,0.5,SAS_monthly_energy,1.2383135781953416,0.82,1.2383135781953416,1.0348443833527523,1.1520333823319029,1.7864382353461414,21,14
40,0,0.75,0.55,3.0,2.5,0.5,SAS_seasonal_energy,1.2383135781953416,0.82,1.2383135781953416,1.0348443833527523,1.1520333823319029,1.7850121823965752,21,14
40,0,0.75,0.55,3.0,2.5,0.5,SAS_threshold_energy,1.2383135781953416,0.82,1.2383135781953416,1.0348443833527523,1.1520333823319029,1.7867209097615409,21,14
40,0,0.75,0.55,3.0,2.5,0.5,SAS_daily_carbon,1.2383135781953416,0.82,1.2383135781953416,1.0348443833527523,1.1520333823319029,1.7866253655087472,21,14
40,0,0.75,0.55,3.0,2.5,0.5,SAS_monthly_carbon,1.2383135781953416,0.82,1.2383135781953416,1.0348443833527523,1.1520333823319029,1.7862568726656753,21,14
40,0,0.75,0.55,3.0,2.5,0.5,SAS_seasonal_carbon,1.2383135781953416,0.82,1.2383135781953416,1.0363436999695814,1.1520333823319029,1.7839758757694797,21,14
40,0,0.75,0.55,3.0,2.5,0.5,SAS_threshold_carbon,1.2383135781953416,0.82,1.2383135781953416,1.0348443833527523,1.1520333823319029,1.786623563160234,21,14
40,0,0.75,0.55,3.0,2.5,0.5,SAS_daily_morning,1.3883135781953415,0.82,1.3883135781953415,1.1062397132450634,1.3101430354212442,1.9953258911857061,23,14
40,0,0.75,0.55,3.0,2.5,0.5,SAS_monthly_morning,1.3883135781953415,0.82,1.3883135781953415,1.1001907943744558,1.3101430354212442,1.994930459100613,23,14
40,0,0.75,0.55,3.0,2.5,0.5,SAS_seasonal_morning,1.3883135781953415,0.82,1.3883135781953415,1.1309256932320788,1.3101430354212442,1.99062683515466,23,14
40,0,0.75,0.55,3.0,2.5,0.5,SAS_threshold_morning,1.3883135781953415,0.82,1.3883135781953415,1.106150763020835,1.3101430354212442,1.9953068248037562,23,14
40,2,0.25,0.55,3.0,2.5,0.5,ST,1.2883135781953414,0.6593745900780124,1.2883135781953414,0.9740184639941221,1.206160881916172,2.0351252698482982,23,14
40,2,0.25,0.55,3.0,2.5,0.5,DST,1.2883135781953414,0.6593745900780124,1.2883135781953414,0.9740184639941221,1.206160881916172,2.035081980665763,23,14
40,2,0.25,0.55,3.0,2.5,0.5,SAS_daily_energy,1.1383135781953415,0.6530124188645416,1.1383135781953415,0.9522336854186214,1.052033382331903,1.8061217724519436,21,14
40,2,0.25,0.55,3.0,2.5,0.5,SAS_monthly_energy,1.1383135781953415,0.6537767128819882,1.1383135781953415,0.9522336854186214,1.052033382331903,1.8057939818362865,21,14
40,2,0.25,0.55,3.0,2.5,0.5,SAS_seasonal_energy,1.1383135781953415,0.6530124188645416,1.1383135781953415,0.9522336854186214,1.052033382331903,1.8049860053755389,21,14
40,2,0.25,0.55,3.0,2.5,0.5,SAS_threshold_energy,1.1383135781953415,0.6530124188645416,1.1383135781953415,0.9522336854186214,1.052033382331903,1.8060881414577512,21,14
40,2,0.25,0.55,3.0,2.5,0.5,SAS_daily_carbon,1.1383135781953415,0.6530124188645416,1.1383135781953415,0.9522336854186214,1.052033382331903,1.8060025733664178,21,14
40,2,0.25,0.55,3.0,2.5,0.5,SAS_monthly_carbon,1.1383135781953415,0.6537767128819882,1.1383135781953415,0.9522336854186214,1.052033382331903,1.8057864456291768,21,14
40,2,0.25,0.55,3.0,2.5,0.5,SAS_seasonal_carbon,1.1383135781953415,0.6530124188645416,1.1383135781953415,0.9522336854186214,1.052033382331903,1.8048635808829765,21,14
40,2,0.25,0.55,3.0,2.5,0.5,SAS_threshold_carbon,1.1383135781953415,0.6530124188645416,1.1383135781953415,0.9522336854186214,1.052033382331903,1.805988909509164,21,14
40,2,0.25,0.55,3.0,2.5,0.5,SAS_daily_morning,1.2883135781953414,0.6530124188645416,1.2883135781953414,1.0062397132450638,1.2147182829233907,2.035566644412151,23,14
40,2,0.25,0.55,3.0,2.5,0.5,SAS_monthly_morning,1.2883135781953414,0.6537767128819882,1.2883135781953414,1.0001907943744557,1.2147182829233907,2.035283054178414,23,14
40,2,0.25,0.55,3.0,2.5,0.5,SAS_seasonal_morning,1.2883135781953414,0.6530124188645416,1.2883135781953414,1.0313882921250377,1.2147182829233907,2.031445756606038,23,14
40,2,0.25,0.55,3.0,2.5,0.5,SAS_threshold_morning,1.2883135781953414,0.6530124188645416,1.2883135781953414,1.0062397132450638,1.2147182829233907,2.035528899652209,23,14
40,2,0.75,0.55,3.0,2.5,0.5,ST,1.2883135781953414,0.8931576149980865,1.2883135781953414,0.9740184639941221,1.206160881916172,1.9135637667368852,23,14
40,2,0.75,0.55,3.0,2.5,0.5,DST,1.2883135781953414,0.9092672585833785,1.2883135781953414,0.9740184639941221,1.206160881916172,1.9118609231407253,23,14
40,2,0.75,0.55,3.0,2.5,0.5,SAS_daily_energy,1.1383135781953415,0.8799999999999999,1.1383135781953415,0.9522336854186214,1.052033382331903,1.700819146776222,21,14
40,2,0.75,0.55,3.0,2.5,0.5,SAS_monthly_energy,1.1383135781953415,0.8799999999999999,1.1383135781953415,0.9522336854186214,1.052033382331903,1.7004912510846624,21,14
40,2,0.75,0.55,3.0,2.5,0.5,SAS_seasonal_energy,1.1383135781953415,0.8799999999999999,1.1383135781953415,0.9524827477721138,1.052033382331903,1.6985389498883612,21,14
40,2,0.75,0.55,3.0,2.5,0.5,SAS_threshold_energy,1.1383135781953415,0.8799999999999999,1.1383135781953415,0.9522336854186214,1.052033382331903,1.7007875264258079,21,14
40,2,0.75,0.55,3.0,2.5,0.5,SAS_daily_carbon,1.1383135781953415,0.8799999999999999,1.1383135781953415,0.9522336854186214,1.052033382331903,1.7007054522250336,21,14
40,2,0.75,0.55,3.0,2.5,0.5,SAS_monthly_carbon,1.1383135781953415,0.8799999999999999,1.1383135781953415,0.9522336854186214,1.052033382331903,1.7004121621685986,21,14
40,2,0.75,0.55,3.0,2.5,0.5,SAS_seasonal_carbon,1.1383135781953415,0.8799999999999999,1.1383135781953415,0.9533699520086383,1.052033382331903,1.6983843539773484,21,14
40,2,0.75,0.55,3.0,2.5,0.5,SAS_threshold_carbon,1.1383135781953415,0.8799999999999999,1.1383135781953415,0.9522336854186214,1.052033382331903,1.7007040341020643,21,14
40,2,0.75,0.55,3.0,2.5,0.5,SAS_daily_morning,1.2883135781953414,0.8799999999999999,1.2883135781953414,1.0062397132450638,1.2147182829233907,1.9173890828866906,23,14
40,2,0.75,0.55,3.0,2.5,0.5,SAS_monthly_morning,1.2883135781953414,0.8799999999999999,1.2883135781953414,1.0001907943744557,1.2147182829233907,1.917154398555799,23,14
40,2,0.75,0.55,3.0,2.5,0.5,SAS_seasonal_morning,1.2883135781953414,0.8799999999999999,1.2883135781953414,1.0313882921250377,1.2147182829233907,1.9125485843237389,23,14
40,2,0.75,0.55,3.0,2.5,0.5,SAS_threshold_morning,1.2883135781953414,0.8799999999999999,1.2883135781953414,1.0062397132450638,1.2147182829233907,1.9173571123127722,23,14
40,4,0.25,0.55,3.0,2.5,0.5,ST,1.1883135781953416,0.6843745900780124,1.1883135781953416,0.8760444287907866,1.106160881916172,1.969613533582866,23,14
40,4,0.25,0.55,3.0,2.5,0.5,DST,1.1883135781953416,0.6843745900780124,1.1883135781953416,0.8760444287907866,1.106160881916172,1.9689487441223619,23,14
40,4,0.25,0.55,3.0,2.5,0.5,SAS_daily_energy,1.0383135781953419,0.6772624188645417,1.0383135781953419,0.8677484777834092,0.9590882437625851,1.728688830262066,21,14
40,4,0.25,0.55,3.0,2.5,0.5,SAS_monthly_energy,1.0383135781953419,0.6772624188645417,1.0383135781953419,0.8677484777834092,0.9590882437625851,1.7285663158260725,21,14
40,4,0.25,0.55,3.0,2.5,0.5,SAS_seasonal_energy,1.0383135781953419,0.6772624188645417,1.0383135781953419,0.8677484777834092,0.9590882437625851,1.7272545392010763,21,14
40,4,0.25,0.55,3.0,2.5,0.5,SAS_threshold_energy,1.0383135781953419,0.6772624188645417,1.0383135781953419,0.8677484777834092,0.9590882437625851,1.7286567294969437,21,14
40,4,0.25,0.55,3.0,2.5,0.5,SAS_daily_carbon,1.0383135781953419,0.6772624188645417,1.0383135781953419,0.8677484777834092,0.9590882437625851,1.7285696969375683,21,14
40,4,0.25,0.55,3.0,2.5,0.5,SAS_monthly_carbon,1.0383135781953419,0.6772624188645417,1.0383135781953419,0.8677484777834092,0.9590882437625851,1.7283707323887965,21,14
40,4,0.25,0.55,3.0,2.5,0.5,SAS_seasonal_carbon,1.0383135781953419,0.6772624188645417,1.0383135781953419,0.8693649996289791,0.9590882437625851,1.7269210337939067,21,14
40,4,0.25,0.55,3.0,2.5,0.5,SAS_threshold_carbon,1.0383135781953419,0.6772624188645417,1.0383135781953419,0.8677484777834092,0.9590882437625851,1.7285679053077283,21,14
40,4,0.25,0.55,3.0,2.5,0.5,SAS_daily_morning,1.1883135781953416,0.6772624188645417,1.1883135781953416,0.9062397132450635,1.117119758817812,1.9701938821220597,23,14
40,4,0.25,0.55,3.0,2.5,0.5,SAS_monthly_morning,1.1883135781953416,0.6772624188645417,1.1883135781953416,0.9001907943744555,1.117119758817812,1.9701897873096381,23,14
40,4,0.25,0.55,3.0,2.5,0.5,SAS_seasonal_morning,1.1883135781953416,0.6772624188645417,1.1883135781953416,0.9337970875657967,1.117119758817812,1.966096645069078,23,14
40,4,0.25,0.55,3.0,2.5,0.5,SAS_threshold_morning,1.1883135781953416,0.6772624188645417,1.1883135781953416,0.9062397132450635,1.117119758817812,1.9701712051176574,23,14
40,4,0.75,0.55,3.0,2.5,0.5,ST,1.1883135781953416,0.9681576149980864,1.1883135781953416,0.9367548174960323,1.106160881916172,1.8017135456559203,23,14
40,4,0.75,0.55,3.0,2.5,0.5,DST,1.1883135781953416,0.9782672585833788,1.1883135781953416,0.9470254433350354,1.106160881916172,1.799284242862141,23,14
40,4,0.75,0.55,3.0,2.5,0.5,SAS_daily_energy,1.0383135781953419,0.94,1.0383135781953419,0.9130819632588673,0.9590882437625851,1.584234824891575,21,14
40,4,0.75,0.55,3.0,2.5,0.5,SAS_monthly_energy,1.0383135781953419,0.94,1.0383135781953419,0.9130819632588673,0.9590882437625851,1.5840245574545646,21,14
40,4,0.75,0.55,3.0,2.5,0.5,SAS_seasonal_energy,1.0383135781953419,0.94,1.0383135781953419,0.9130819632588673,0.9590882437625851,1.5819606844220568,21,14
40,4,0.75,0.55,3.0,2.5,0.5,SAS_threshold_energy,1.0383135781953419,0.94,1.0383135781953419,0.9130819632588673,0.9590882437625851,1.5842072771994702,21,14
40,4,0.75,0.55,3.0,2.5,0.5,SAS_daily_carbon,1.0383135781953419,0.94,1.0383135781953419,0.9130819632588673,0.9590882437625851,1.584123317933384,21,14
40,4,0.75,0.55,3.0,2.5,0.5,SAS_monthly_carbon,1.0383135781953419,0.94,1.0383135781953419,0.9130819632588673,0.9590882437625851,1.5839642777266796,21,14
40,4,0.75,0.55,3.0,2.5,0.5,SAS_seasonal_carbon,1.0383135781953419,0.94,1.0383135781953419,0.9130819632588673,0.9590882437625851,1.5819606844220568,21,14
40,4,0.75,0.55,3.0,2.5,0.5,SAS_threshold_carbon,1.0383135781953419,0.94,1.0383135781953419,0.9130819632588673,0.9590882437625851,1.5841347564254336,21,14
40,4,0.75,0.55,3.0,2.5,0.5,SAS_daily_morning,1.1883135781953416,0.94,1.1883135781953416,0.933196825589413,1.117119758817812,1.806243720398201,23,14
40,4,0.75,0.55,3.0,2.5,0.5,SAS_monthly_morning,1.1883135781953416,0.94,1.1883135781953416,0.932220968061016,1.117119758817812,1.8061615764617045,23,14
40,4,0.75,0.55,3.0,2.5,0.5,SAS_seasonal_morning,1.1883135781953416,0.94,1.1883135781953416,0.9392416976981075,1.117119758817812,1.8020456970926513,23,14
40,4,0.75,0.55,3.0,2.5,0.5,SAS_threshold_morning,1.1883135781953416,0.94,1.1883135781953416,0.933196825589413,1.117119758817812,1.8062228188317004,23,14
50,0,0.25,0.55,3.0,2.5,0.5,ST,1.7799759234255725,0.9613173319046301,1.7799759234255725,1.4387795522329805,1.6911062365998963,2.1544928124584932,23,14
50,0,0.25,0.55,3.0,2.5,0.5,DST,1.7799759234255725,0.8889630454353866,1.7799759234255725,1.4387795522329805,1.6911062365998963,2.15646749241213,23,14
50,0,0.25,0.55,3.0,2.5,0.5,SAS_daily_energy,1.6299759234255726,0.8113173319046304,1.6299759234255726,1.347643766840008,1.5523302098948166,1.9797850657275877,21,14
50,0,0.25,0.55,3.0,2.5,0.5,SAS_monthly_energy,1.6299759234255726,0.8113173319046304,1.6299759234255726,1.348341086258984,1.5693841667231079,1.979658363149301,21,14
50,0,0.25,0.55,3.0,2.5,0.5,SAS_seasonal_energy,1.6299759234255726,0.8113173319046304,1.6299759234255726,1.3491434591398042,1.5370066727055438,1.9793349579241184,21,14
50,0,0.25,0.55,3.0,2.5,0.5,SAS_threshold_energy,1.6299759234255726,0.8113173319046304,1.6299759234255726,1.347643766840008,1.5523302098948166,1.979678018982591,21,14
50,0,0.25,0.55,3.0,2.5,0.5,SAS_daily_carbon,1.6299759234255726,0.8113173319046304,1.6299759234255726,1.3491434591398042,1.5370066727055438,1.9796265444576997,21,14
50,0,0.25,0.55,3.0,2.5,0.5,SAS_monthly_carbon,1.6299759234255726,0.8113173319046304,1.6299759234255726,1.3491434591398042,1.5370066727055438,1.9794857611235073,21,14
50,0,0.25,0.55,3.0,2.5,0.5,SAS_seasonal_carbon,1.6299759234255726,0.8838798096049661,1.6299759234255726,1.3491434591398042,1.5370066727055438,1.9787600902269882,21,14
50,0,0.25,0.55,3.0,2.5,0.5,SAS_threshold_carbon,1.6299759234255726,0.8113173319046304,1.6299759234255726,1.3491434591398042,1.5370066727055438,1.979608034732853,21,14
50,0,0.25,0.55,3.0,2.5,0.5,SAS_daily_morning,1.7799759234255725,0.8389252627092634,1.7799759234255725,1.4783282325451035,1.6911062365998963,2.1537012768309554,23,14
50,0,0.25,0.55,3.0,2.5,0.5,SAS_monthly_morning,1.7799759234255725,0.8389252627092634,1.7799759234255725,1.4858033513631361,1.6911062365998963,2.1526916883868883,23,14
50,0,0.25,0.55,3.0,2.5,0.5,SAS_seasonal_morning,1.7799759234255725,0.9613173319046301,1.7799759234255725,1.4858033513631361,1.6911062365998963,2.150858158598933,23,14
50,0,0.25,0.55,3.0,2.5,0.5,SAS_threshold_morning,1.7799759234255725,0.8389252627092634,1.7799759234255725,1.4783282325451035,1.6911062365998963,2.1535658658043184,23,14
50,0,0.75,0.55,3.0,2.5,0.5,ST,1.7799759234255725,0.9613173319046301,1.7799759234255725,1.4387795522329805,1.6911062365998963,2.125151048067572,23,14
50,0,0.75,0.55,3.0,2.5,0.5,DST,1.7799759234255725,0.8889630454353866,1.7799759234255725,1.4387795522329805,1.6911062365998963,2.126503357573208,23,14
50,0,0.75,0.55,3.0,2.5,0.5,SAS_daily_energy,1.6299759234255726,0.8113173319046304,1.6299759234255726,1.347643766840008,1.5523302098948166,1.953089796631216,21,14
50,0,0.75,0.55,3.0,2.5,0.5,SAS_monthly_energy,1.6299759234255726,0.8113173319046304,1.6299759234255726,1.348341086258984,1.5693841667231079,1.952831850200009,21,14
50,0,0.75,0.55,3.0,2.5,0.5,SAS_seasonal_energy,1.6299759234255726,0.8562844339825417,1.6299759234255726,1.3491434591398042,1.5370066727055438,1.9519467816649612,21,14
50,0,0.75,0.55,3.0,2.5,0.5,SAS_threshold_energy,1.6299759234255726,0.8113173319046304,1.6299759234255726,1.347643766840008,1.5523302098948166,1.9530501495172468,21,14
50,0,0.75,0.55,3.0,2.5,0.5,SAS_daily_carbon,1.6299759234255726,0.8113173319046304,1.6299759234255726,1.3491434591398042,1.5370066727055438,1.9529293379129755,21,14
50,0,0.75,0.55,3.0,2.5,0.5,SAS_monthly_carbon,1.6299759234255726,0.8113173319046304,1.6299759234255726,1.3491434591398042,1.5370066727055438,1.9527181337327664,21,14
50,0,0.75,0.55,3.0,2.5,0.5,SAS_seasonal_carbon,1.6299759234255726,0.8838798096049661,1.6299759234255726,1.3491434591398042,1.5370066727055438,1.9518359203952138,21,14
50,0,0.75,0.55,3.0,2.5,0.5,SAS_threshold_carbon,1.6299759234255726,0.8113173319046304,1.6299759234255726,1.3491434591398042,1.5370066727055438,1.9529210394254979,21,14
50,0,0.75,0.55,3.0,2.5,0.5,SAS_daily_morning,1.7799759234255725,0.8389252627092634,1.7799759234255725,1.4783282325451035,1.6911062365998963,2.1247763206094548,23,14
50,0,0.75,0.55,3.0,2.5,0.5,SAS_monthly_morning,1.7799759234255725,0.8389252627092634,1.7799759234255725,1.4858033513631361,1.6911062365998963,2.1236655125703656,23,14
50,0,0.75,0.55,3.0,2.5,0.5,SAS_seasonal_morning,1.7799759234255725,0.9613173319046301,1.7799759234255725,1.4858033513631361,1.6911062365998963,2.1213631295169524,23,14
50,0,0.75,0.55,3.0,2.5,0.5,SAS_threshold_morning,1.7799759234255725,0.8389252627092634,1.7799759234255725,1.4783282325451035,1.6911062365998963,2.1247144612059876,23,14
50,2,0.25,0.55,3.0,2.5,0.5,ST,1.679975923425573,0.8613173319046302,1.679975923425573,1.3387795522329806,1.5911062365998963,2.1677065237707596,23,14
50,2,0.25,0.55,3.0,2.5,0.5,DST,1.679975923425573,0.7889630454353866,1.679975923425573,1.3387795522329806,1.5911062365998963,2.1691297869488446,23,14
50,2,0.25,0.55,3.0,2.5,0.5,SAS_daily_energy,1.5299759234255728,0.7113173319046304,1.5299759234255728,1.2663879752042022,1.4520612479397548,1.9815432974326934,21,14
50,2,0.25,0.55,3.0,2.5,0.5,SAS_monthly_energy,1.5299759234255728,0.7889630454353866,1.5299759234255728,1.2700820557666306,1.437006672705544,1.9813153315566725,21,14
50,2,0.25,0.55,3.0,2.5,0.5,SAS_seasonal_energy,1.5299759234255728,0.787879809604966,1.5299759234255728,1.2700820557666306,1.437006672705544,1.9805088791726007,21,14
50,2,0.25,0.55,3.0,2.5,0.5,SAS_threshold_energy,1.5299759234255728,0.7113173319046304,1.5299759234255728,1.2663879752042022,1.4520612479397548,1.9815086872440857,21,14
50,2,0.25,0.55,3.0,2.5,0.5,SAS_daily_carbon,1.5299759234255728,0.7113173319046304,1.5299759234255728,1.2700820557666306,1.437006672705544,1.9814167041826143,21,14
50,2,0.25,0.55,3.0,2.5,0.5,SAS_monthly_carbon,1.5299759234255728,0.7113173319046304,1.5299759234255728,1.2700820557666306,1.437006672705544,1.9812294480394859,21,14
50,2,0.25,0.55,3.0,2.5,0.5,SAS_seasonal_carbon,1.5299759234255728,0.787879809604966,1.5299759234255728,1.2700820557666306,1.437006672705544,1.9805088791726007,21,14
50,2,0.25,0.55,3.0,2.5,0.5,SAS_threshold_carbon,1.5299759234255728,0.7113173319046304,1.5299759234255728,1.2700820557666306,1.437006672705544,1.981402651434674,21,14
50,2,0.25,0.55,3.0,2.5,0.5,SAS_daily_morning,1.679975923425573,0.7449252627092633,1.679975923425573,1.3784554314754356,1.5911062365998963,2.166918872029639,23,14
50,2,0.25,0.55,3.0,2.5,0.5,SAS_monthly_morning,1.679975923425573,0.7889630454353866,1.679975923425573,1.3867479228850674,1.5911062365998963,2.165787668731274,23,14
50,2,0.25,0.55,3.0,2.5,0.5,SAS_seasonal_morning,1.679975923425573,0.8613173319046302,1.679975923425573,1.386836111369351,1.5911062365998963,2.1634521147439294,23,14
50,2,0.25,0.55,3.0,2.5,0.5,SAS_threshold_morning,1.679975923425573,0.7449252627092633,1.679975923425573,1.3784554314754356,1.5911062365998963,2.1668626814375536,23,14
50,2,0.75,0.55,3.0,2.5,0.5,ST,1.679975923425573,0.8613173319046302,1.679975923425573,1.3387795522329806,1.5911062365998963,2.1158045543368043,23,14
50,2,0.75,0.55,3.0,2.5,0.5,DST,1.679975923425573,0.8000172585833787,1.679975923425573,1.3387795522329806,1.5911062365998963,2.116200179692067,23,14
50,2,0.75,0.55,3.0,2.5,0.5,SAS_daily_energy,1.5299759234255728,0.7849999999999999,1.5299759234255728,1.2663879752042022,1.4520612479397548,1.935213203745104,21,14
50,2,0.75,0.55,3.0,2.5,0.5,SAS_monthly_energy,1.5299759234255728,0.7889630454353866,1.5299759234255728,1.2700820557666306,1.437006672705544,1.9350618567293632,21,14
50,2,0.75,0.55,3.0,2.5,0.5,SAS_seasonal_energy,1.5299759234255728,0.8012046907084435,1.5299759234255728,1.2700820557666306,1.437006672705544,1.933594575449897,21,14
50,2,0.75,0.55,3.0,2.5,0.5,SAS_threshold_energy,1.5299759234255728,0.7849999999999999,1.5299759234255728,1.2663879752042022,1.4520612479397548,1.9351808494672342,21,14
50,2,0.75,0.55,3.0,2.5,0.5,SAS_daily_carbon,1.5299759234255728,0.7849999999999999,1.5299759234255728,1.2700820557666306,1.437006672705544,1.9350816779312876,21,14
50,2,0.75,0.55,3.0,2.5,0.5,SAS_monthly_carbon,1.5299759234255728,0.7849999999999999,1.5299759234255728,1.2700820557666306,1.437006672705544,1.9349625709424032,21,14
50,2,0.75,0.55,3.0,2.5,0.5,SAS_seasonal_carbon,1.5299759234255728,0.8012046907084435,1.5299759234255728,1.2700820557666306,1.437006672705544,1.9335819929929117,21,14
50,2,0.75,0.55,3.0,2.5,0.5,SAS_threshold_carbon,1.5299759234255728,0.7849999999999999,1.5299759234255728,1.2700820557666306,1.437006672705544,1.9350796617239912,21,14
50,2,0.75,0.55,3.0,2.5,0.5,SAS_daily_morning,1.679975923425573,0.7849999999999999,1.679975923425573,1.3784554314754356,1.5911062365998963,2.1164623557722653,23,14
50,2,0.75,0.55,3.0,2.5,0.5,SAS_monthly_morning,1.679975923425573,0.7889630454353866,1.679975923425573,1.3867479228850674,1.5911062365998963,2.115449623646076,23,14
50,2,0.75,0.55,3.0,2.5,0.5,SAS_seasonal_morning,1.679975923425573,0.8613173319046302,1.679975923425573,1.386836111369351,1.5911062365998963,2.1126653503021955,23,14
50,2,0.75,0.55,3.0,2.5,0.5,SAS_threshold_morning,1.679975923425573,0.7849999999999999,1.679975923425573,1.3784554314754356,1.5911062365998963,2.1164094664855932,23,14
50,4,0.25,0.55,3.0,2.5,0.5,ST,1.5799759234255728,0.7613173319046304,1.5799759234255728,1.2387795522329808,1.4911062365998964,2.1629862943046985,23,14
50,4,0.25,0.55,3.0,2.5,0.5,DST,1.5799759234255728,0.6889630454353866,1.5799759234255728,1.2387795522329808,1.4911062365998964,2.1638620037813254,23,14
50,4,0.25,0.55,3.0,2.5,0.5,SAS_daily_energy,1.4299759234255727,0.6674554953690801,1.4299759234255727,1.1850110555391977,1.3473668743105849,1.965489702369801,21,14
50,4,0.25,0.55,3.0,2.5,0.5,SAS_monthly_energy,1.4299759234255727,0.6889630454353866,1.4299759234255727,1.187610811980048,1.3370066727055439,1.9653715535713159,21,14
50,4,0.25,0.55,3.0,2.5,0.5,SAS_seasonal_energy,1.4299759234255727,0.7092046907084436,1.4299759234255727,1.187610811980048,1.3370066727055439,1.9644857655550376,21,14
50,4,0.25,0.55,3.0,2.5,0.5,SAS_threshold_energy,1.4299759234255727,0.6674554953690801,1.4299759234255727,1.1850110555391977,1.3473668743105849,1.965456359951232,21,14
50,4,0.25,0.55,3.0,2.5,0.5,SAS_daily_carbon,1.4299759234255727,0.6382830853552759,1.4299759234255727,1.187610811980048,1.3370066727055439,1.9653806590858454,21,14
50,4,0.25,0.55,3.0,2.5,0.5,SAS_monthly_carbon,1.4299759234255727,0.7613173319046304,1.4299759234255727,1.187610811980048,1.3370066727055439,1.9652176264909627,21,14
50,4,0.25,0.55,3.0,2.5,0.5,SAS_seasonal_carbon,1.4299759234255727,0.7092046907084436,1.4299759234255727,1.187610811980048,1.3370066727055439,1.9644857655550376,21,14
50,4,0.25,0.55,3.0,2.5,0.5,SAS_threshold_carbon,1.4299759234255727,0.676740207804988,1.4299759234255727,1.187610811980048,1.3370066727055439,1.9653729945612104,21,14
50,4,0.25,0.55,3.0,2.5,0.5,SAS_daily_morning,1.5799759234255728,0.6781826810174016,1.5799759234255728,1.280872211151784,1.4911062365998964,2.1622720285558015,23,14
50,4,0.25,0.55,3.0,2.5,0.5,SAS_monthly_morning,1.5799759234255728,0.6889630454353866,1.5799759234255728,1.286947019735744,1.4911062365998964,2.1612351967729424,23,14
50,4,0.25,0.55,3.0,2.5,0.5,SAS_seasonal_morning,1.5799759234255728,0.7613173319046304,1.5799759234255728,1.2907486622085884,1.4911062365998964,2.1590014668682826,23,14
50,4,0.25,0.55,3.0,2.5,0.5,SAS_threshold_morning,1.5799759234255728,0.6781826810174016,1.5799759234255728,1.280872211151784,1.4911062365998964,2.162235506559994,23,14
50,4,0.75,0.55,3.0,2.5,0.5,ST,1.5799759234255728,0.8450000000000001,1.5799759234255728,1.2387795522329808,1.4911062365998964,2.080547255467275,23,14
50,4,0.75,0.55,3.0,2.5,0.5,DST,1.5799759234255728,0.8690172585833787,1.5799759234255728,1.2387795522329808,1.4911062365998964,2.080071736113708,23,14
50,4,0.75,0.55,3.0,2.5,0.5,SAS_daily_energy,1.4299759234255727,0.8450000000000001,1.4299759234255727,1.1850110555391977,1.3473668743105849,1.892558855455859,21,14
50,4,0.75,0.55,3.0,2.5,0.5,SAS_monthly_energy,1.4299759234255727,0.8450000000000001,1.4299759234255727,1.187610811980048,1.3370066727055439,1.892222703847931,21,14
50,4,0.75,0.55,3.0,2.5,0.5,SAS_seasonal_energy,1.4299759234255727,0.8450000000000001,1.4299759234255727,1.187610811980048,1.3370066727055439,1.8907806789909958,21,14
50,4,0.75,0.55,3.0,2.5,0.5,SAS_threshold_energy,1.4299759234255727,0.8450000000000001,1.4299759234255727,1.1850110555391977,1.3473668743105849,1.8925297907727439,21,14
50,4,0.75,0.55,3.0,2.5,0.5,SAS_daily_carbon,1.4299759234255727,0.8450000000000001,1.4299759234255727,1.187610811980048,1.3370066727055439,1.8924427699416244,21,14
50,4,0.75,0.55,3.0,2.5,0.5,SAS_monthly_carbon,1.4299759234255727,0.8450000000000001,1.4299759234255727,1.187610811980048,1.3370066727055439,1.8919210279862742,21,14
50,4,0.75,0.55,3.0,2.5,0.5,SAS_seasonal_carbon,1.4299759234255727,0.8525926754797847,1.4299759234255727,1.187610811980048,1.3370066727055439,1.8905913277067914,21,14
50,4,0.75,0.55,3.0,2.5,0.5,SAS_threshold_carbon,1.4299759234255727,0.8450000000000001,1.4299759234255727,1.187610811980048,1.3370066727055439,1.8924504551447339,21,14
50,4,0.75,0.55,3.0,2.5,0.5,SAS_daily_morning,1.5799759234255728,0.8450000000000001,1.5799759234255728,1.280872211151784,1.4911062365998964,2.082378580777433,23,14
50,4,0.75,0.55,3.0,2.5,0.5,SAS_monthly_morning,1.5799759234255728,0.8450000000000001,1.5799759234255728,1.286947019735744,1.4911062365998964,2.0811746387433416,23,14
50,4,0.75,0.55,3.0,2.5,0.5,SAS_seasonal_morning,1.5799759234255728,0.8450000000000001,1.5799759234255728,1.2907486622085884,1.4911062365998964,2.0785780200771686,23,14
50,4,0.75,0.55,3.0,2.5,0.5,SAS_threshold_morning,1.5799759234255728,0.8450000000000001,1.5799759234255728,1.280872211151784,1.4911062365998964,2.0823467340754434,23,14
