lat,warming,max_shift,variant,dE_pct,dC_pct,wake_dark,evening_dark,n_changes,mean_abs_shift,peak,par
20,0,0.0,daily,0.0,0.0,0.0,0.9576632534839762,0,0.0,0.8883333333333332,1.5301802941699594
20,0,0.0,monthly,0.0,0.0,0.0,0.9576632534839762,0,0.0,0.8883333333333332,1.5301802941699594
20,0,0.0,seasonal,0.0,0.0,0.0,0.9576632534839762,0,0.0,0.8883333333333332,1.5301802941699594
20,0,0.0,threshold,0.0,0.0,0.0,0.9576632534839762,0,0.0,0.8883333333333332,1.5301802941699594
20,0,0.5,daily,-0.19952358140334078,-0.40893476169374243,0.0,0.9867697667137425,2,0.25,0.8766833333333333,1.5131318814434263
20,0,0.5,monthly,-0.19897414074065822,-0.4096866678222177,0.0,0.9867697667137425,2,0.25,0.8766833333333333,1.513123551106373
20,0,0.5,seasonal,-0.18714983612048777,-0.4260837437784489,0.0,0.9867697667137425,0,0.25,0.8766833333333333,1.5129442992989466
20,0,0.5,threshold,-0.1954961194714196,-0.3897132509059116,0.0,0.986759093512902,2,0.18561643835616437,0.8766833333333333,1.5130708212626374
20,0,1.0,daily,-0.2491622681376413,-0.5128338039327547,0.0,0.994707906685497,2,0.665068493150685,0.8766833333333333,1.5138848563673317
20,0,1.0,monthly,-0.24858635084724776,-0.5126893084867773,0.0,0.994707906685497,2,0.6664383561643835,0.8766833333333333,1.513876115915116
20,0,1.0,seasonal,-0.23531072933340733,-0.535271777039206,0.0,0.994707906685497,0,0.75,0.8766833333333333,1.5136746654171427
20,0,1.0,threshold,-0.24588915585402113,-0.4943393938156356,0.0,0.994707906685497,2,0.5732876712328767,0.8766833333333333,1.5138351830748986
20,0,1.5,daily,-0.38466635128001436,-0.7083685486506082,0.0,0.9947079066854971,4,1.013013698630137,0.8415915043957501,1.4552640301086548
20,0,1.5,monthly,-0.3811366831049815,-0.7049478313609019,0.0,0.9947079066854971,3,1.0417808219178082,0.8415915043957501,1.455212467593662
20,0,1.5,seasonal,-0.3567028270740264,-0.714537382497137,0.0,0.994707906685497,2,1.123972602739726,0.8415915043957501,1.454855630225405
20,0,1.5,threshold,-0.38139323899639416,-0.6898741385334684,0.0,0.994707906685497,4,0.9212328767123288,0.8415915043957501,1.455216215320557
20,0,2.0,daily,-0.4222446025135262,-0.7679776507311159,0.0,0.994707906685497,4,1.3636986301369862,0.8415915043957501,1.4558132117719311
20,0,2.0,monthly,-0.41829360641180646,-0.7646076469451836,0.0,0.994707906685497,3,1.417123287671233,0.8415915043957501,1.4557554510392339
20,0,2.0,seasonal,-0.3911727703836619,-0.7710304668512465,0.0,0.994707906685497,2,1.497945205479452,0.8415915043957501,1.4553590875242444
20,0,2.0,threshold,-0.418971490229906,-0.7494832406139761,0.0,0.994707906685497,4,1.271917808219178,0.8415915043957501,1.455765360889314
20,0,3.0,daily,-0.5512067145385319,-0.6877338313678116,0.0,0.994707906685497,6,2.0239726027397262,0.857,1.4843897619707256
20,0,3.0,monthly,-0.5415493466444816,-0.7055011711942814,0.0,0.994707906685497,5,2.000684931506849,0.857,1.4842456284362158
20,0,3.0,seasonal,-0.49841894721975655,-0.6359048638694053,0.0,0.994707906685497,2,2.245890410958904,0.857,1.4836022607015376
20,0,3.0,threshold,-0.5479336022549296,-0.6692394212506926,0.0,0.994707906685497,6,1.9321917808219178,0.857,1.4843409085427421
20,0,4.0,daily,-0.6753193858832743,-0.3345956560626387,0.0,0.9947079066854971,8,2.6732876712328766,0.857,1.4862446038643604
20,0,4.0,monthly,-0.6613531706885396,-0.3953577222358906,0.0,0.9947079066854971,5,2.584246575342466,0.857,1.4860356498204699
20,0,4.0,seasonal,-0.599783990445699,-0.3690747927846541,0.0,0.994707906685497,3,2.7445205479452053,0.857,1.485115189076579
20,0,4.0,threshold,-0.6720462735996542,-0.3161012459454989,0.0,0.9947079066854971,8,2.5815068493150686,0.857,1.4861956282710167
20,4,0.0,daily,0.0,0.0,0.0,0.9576632534839762,0,0.0,0.9883333333333332,1.5342799399356357
20,4,0.0,monthly,0.0,0.0,0.0,0.9576632534839762,0,0.0,0.9883333333333332,1.5342799399356357
20,4,0.0,seasonal,0.0,0.0,0.0,0.9576632534839762,0,0.0,0.9883333333333332,1.5342799399356357
20,4,0.0,threshold,0.0,0.0,0.0,0.9576632534839762,0,0.0,0.9883333333333332,1.5342799399356357
20,4,0.5,daily,-0.24251983514220446,-0.5046146132454924,0.0,0.9867697667137425,0,0.25,0.9736833333333332,1.5152120991763731
20,4,0.5,monthly,-0.24251983514220446,-0.5046146132454924,0.0,0.9867697667137425,0,0.25,0.9736833333333332,1.5152120991763731
20,4,0.5,seasonal,-0.24251983514220446,-0.5046146132454924,0.0,0.9867697667137425,0,0.25,0.9736833333333332,1.5152120991763731
20,4,0.5,threshold,-0.24251983514220446,-0.5046146132454924,0.0,0.9867697667137425,0,0.25,0.9736833333333332,1.5152120991763731
20,4,1.0,daily,-0.3025073112597687,-0.6303819760094181,0.0,0.994707906685497,0,0.75,0.9736833333333332,1.516123794617864
20,4,1.0,monthly,-0.3025073112597687,-0.6303819760094181,0.0,0.994707906685497,0,0.75,0.9736833333333332,1.516123794617864
20,4,1.0,seasonal,-0.3025073112597687,-0.6303819760094181,0.0,0.994707906685497,0,0.75,0.9736833333333332,1.516123794617864
20,4,1.0,threshold,-0.3025073112597687,-0.6303819760094181,0.0,0.994707906685497,0,0.75,0.9736833333333332,1.516123794617864
20,4,1.5,daily,-0.46759386238666373,-0.8888918524630489,0.0,0.9947079066854968,0,1.25,0.93859150439575,1.4639062999100543
20,4,1.5,monthly,-0.46759386238666373,-0.8888918524630489,0.0,0.9947079066854968,0,1.25,0.93859150439575,1.4639062999100543
20,4,1.5,seasonal,-0.46759386238666373,-0.8888918524630489,0.0,0.9947079066854968,0,1.25,0.93859150439575,1.4639062999100543
20,4,1.5,threshold,-0.46759386238666373,-0.8888918524630489,0.0,0.9947079066854968,0,1.25,0.93859150439575,1.4639062999100543
20,4,2.0,daily,-0.5145407969524616,-0.9678721306335605,0.0,0.994707906685497,0,1.75,0.93859150439575,1.4645971135608418
20,4,2.0,monthly,-0.5145407969524616,-0.9678721306335605,0.0,0.994707906685497,0,1.75,0.93859150439575,1.4645971135608418
20,4,2.0,seasonal,-0.5145407969524616,-0.9678721306335605,0.0,0.994707906685497,0,1.75,0.93859150439575,1.4645971135608418
20,4,2.0,threshold,-0.5145407969524616,-0.9678721306335605,0.0,0.994707906685497,0,1.75,0.93859150439575,1.4645971135608418
20,4,3.0,daily,-0.6924296277362086,-0.870725174915358,0.0,0.994707906685497,0,2.75,0.941,1.4709856315427638
20,4,3.0,monthly,-0.6924296277362086,-0.870725174915358,0.0,0.994707906685497,0,2.75,0.941,1.4709856315427638
20,4,3.0,seasonal,-0.6924296277362086,-0.870725174915358,0.0,0.994707906685497,0,2.75,0.941,1.4709856315427638
20,4,3.0,threshold,-0.6924296277362086,-0.870725174915358,0.0,0.994707906685497,0,2.75,0.941,1.4709856315427638
20,4,4.0,daily,-0.8644571562957628,-0.37338220412758294,0.0,0.9947079066854974,0,3.75,0.941,1.4735381976102122
20,4,4.0,monthly,-0.8644571562957628,-0.37338220412758294,0.0,0.9947079066854974,0,3.75,0.941,1.4735381976102122
20,4,4.0,seasonal,-0.8644571562957628,-0.37338220412758294,0.0,0.9947079066854974,0,3.75,0.941,1.4735381976102122
20,4,4.0,threshold,-0.8644571562957628,-0.37338220412758294,0.0,0.9947079066854974,0,3.75,0.941,1.4735381976102122
30,0,0.0,daily,0.0,0.0,0.0,0.9376784185160072,0,0.0,0.979985183646506,1.6926464477584307
30,0,0.0,monthly,0.0,0.0,0.0,0.9376784185160072,0,0.0,0.979985183646506,1.6926464477584307
30,0,0.0,seasonal,0.0,0.0,0.0,0.9376784185160072,0,0.0,0.979985183646506,1.6926464477584307
30,0,0.0,threshold,0.0,0.0,0.0,0.9376784185160072,0,0.0,0.979985183646506,1.6926464477584307
30,0,0.5,daily,-0.11792720949076037,-0.22419899814030048,0.0,0.9741358871017584,4,0.26164383561643834,0.979985183646506,1.6946448951941107
30,0,0.5,monthly,-0.11243526027413402,-0.21019070381611946,0.0,0.9734649409490804,2,0.25,0.979985183646506,1.694551721396863
30,0,0.5,seasonal,-0.09341157890225339,-0.20247557251392978,0.0,0.9790101001592347,2,0.25,0.979985183646506,1.6942290538678695
30,0,0.5,threshold,-0.11573891022357743,-0.2180250003819741,0.0,0.974808087578641,2,0.11027397260273973,0.979985183646506,1.6946077683220508
30,0,1.0,daily,-0.150977766301818,-0.27973677697878346,1.5774889110832625e-05,0.977865424512734,4,0.5246575342465754,0.979985183646506,1.695205831657285
30,0,1.0,monthly,-0.1385398084267657,-0.2605923616555649,0.0,0.9831861232609802,2,0.45821917808219176,0.979985183646506,1.6949946901550152
30,0,1.0,seasonal,-0.11573313788257701,-0.25211644153140694,0.0,0.9902435986193585,2,0.49931506849315066,0.979985183646506,1.694607670390172
30,0,1.0,threshold,-0.1484293738188701,-0.2739432826417475,0.0,0.9798819964099299,4,0.3678082191780822,0.979985183646506,1.6951625669417543
30,0,1.5,daily,-0.2574561987238451,-0.4216853092518619,1.5774889110832625e-05,0.9786474546046584,6,0.7445205479452055,0.979985183646506,1.6970155194064482
30,0,1.5,monthly,-0.24406243044434256,-0.40122168520902224,0.0,0.9839681533529043,2,0.6664383561643835,0.979985183646506,1.69678766898283
30,0,1.5,seasonal,-0.1853378997309805,-0.35446507644602854,0.0,0.9910256287112826,2,0.7486301369863013,0.979985183646506,1.695789388194371
30,0,1.5,threshold,-0.2549078062408972,-0.4158918149148259,0.0,0.9806640265018542,6,0.5828767123287671,0.979985183646506,1.6969721622697913
30,0,2.0,daily,-0.286431450538721,-0.4638624117347833,1.5774889110832625e-05,0.9788607355388197,6,0.9513698630136986,0.979985183646506,1.6975086463973268
30,0,2.0,monthly,-0.2727840221390575,-0.4430731607601953,0.0,0.9841814342870653,2,0.8746575342465753,0.979985183646506,1.6972763464430727
30,0,2.0,seasonal,-0.20629915099499754,-0.3888958124458568,0.0,0.991238909645444,2,0.9979452054794521,0.979985183646506,1.6961455816931026
30,0,2.0,threshold,-0.2838830580557731,-0.45806891739774735,0.0,0.9808773074360154,6,0.7897260273972603,0.979985183646506,1.6974652640594772
30,0,3.0,daily,-0.3609664146174182,-0.41518784950638454,1.5774889110832625e-05,0.9788607355388197,8,1.332191780821918,0.979985183646506,1.6987784674848032
30,0,3.0,monthly,-0.3448065940641173,-0.37917215017499456,0.0,0.9841814342870655,2,1.2910958904109588,0.979985183646506,1.6985029980962432
30,0,3.0,seasonal,-0.25906875598164564,-0.3620740830049601,0.0,0.9912389096454441,3,1.2472602739726026,0.979985183646506,1.6970429558325804
30,0,3.0,threshold,-0.3584180221344524,-0.4093943551693486,0.0,0.9808773074360155,8,1.1705479452054794,0.979985183646506,1.6987350202192057
30,0,4.0,daily,-0.43076685011557103,-0.21475006054916548,1.5774889110832625e-05,0.9788607355388199,10,1.7075342465753425,0.979985183646506,1.6999693521897887
30,0,4.0,monthly,-0.41093486773608834,-0.14589062702883407,0.0,0.9841814342870658,2,1.7075342465753425,0.979985183646506,1.6996308234347137
30,0,4.0,seasonal,-0.30894206921754924,-0.23196007904441043,0.0,0.9912389096454441,3,1.4965753424657535,0.979985183646506,1.6978919502827121
30,0,4.0,threshold,-0.42821845763264105,-0.20895656621212952,0.0,0.9808773074360158,10,1.545890410958904,0.979985183646506,1.6999258439884568
30,4,0.0,daily,0.0,0.0,0.0,0.9376784185160072,0,0.0,0.9161219633731887,1.565150310847452
30,4,0.0,monthly,0.0,0.0,0.0,0.9376784185160072,0,0.0,0.9161219633731887,1.565150310847452
30,4,0.0,seasonal,0.0,0.0,0.0,0.9376784185160072,0,0.0,0.9161219633731887,1.565150310847452
30,4,0.0,threshold,0.0,0.0,0.0,0.9376784185160072,0,0.0,0.9161219633731887,1.565150310847452
30,4,0.5,daily,-0.15613486156361014,-0.3189424098732721,0.0,0.9791403549534685,2,0.25,0.9036383044719931,1.5462367947318878
30,4,0.5,monthly,-0.15270366824516968,-0.308562329527372,0.0,0.978060630442583,2,0.25,0.9036383044719931,1.546183659218421
30,4,0.5,seasonal,-0.13327424537423688,-0.26889253524604484,0.0,0.9790101001592347,2,0.25,0.9036383044719931,1.5458828437473615
30,4,0.5,threshold,-0.15432686015010597,-0.31016408192320577,0.0,0.9787101518354252,2,0.14589041095890412,0.9036383044719931,1.5462087955385067
30,4,1.0,daily,-0.19340051403708167,-0.3967281152306816,0.0,0.9904093774483833,2,0.560958904109589,0.9036383044719931,1.5468141265248845
30,4,1.0,monthly,-0.1888774957129358,-0.3834260845190886,0.0,0.9890351826163469,2,0.5417808219178082,0.9036383044719931,1.5467440314446692
30,4,1.0,seasonal,-0.16464847488854814,-0.3337192013448518,0.0,0.9902435986193585,2,0.49931506849315066,0.9036383044719931,1.5463686524554097
30,4,1.0,threshold,-0.19206218970722136,-0.3891461120600481,0.0,0.9900610378188076,2,0.4458904109589041,0.9036383044719931,1.546793385299039
30,4,1.5,daily,-0.32795026878046557,-0.5933140727429222,0.0,0.991191407540308,4,0.8458904109589042,0.869883171062417,1.491043439141273
30,4,1.5,monthly,-0.3224206286439395,-0.578841639064101,0.0,0.9898172127082712,2,0.8335616438356165,0.869883171062417,1.4909607231112656
30,4,1.5,seasonal,-0.2849255181859283,-0.5127470933928598,0.0,0.9910256287112826,2,0.7486301369863013,0.869883171062417,1.49040008834975
30,4,1.5,threshold,-0.3266119444505698,-0.5857320695722683,0.0,0.9908430679107317,4,0.7308219178082191,0.869883171062417,1.4910234187551854
30,4,2.0,daily,-0.3654337567118669,-0.6520351464759708,0.0,0.9914046884744689,4,1.1308219178082193,0.869883171062417,1.4916043841111117
30,4,2.0,monthly,-0.35972805236597577,-0.6374861992831189,0.0,0.9900304936424321,2,1.1253424657534246,0.869883171062417,1.4915189703175682
30,4,2.0,seasonal,-0.3187951227208907,-0.5663665013147109,0.0,0.991238909645444,2,0.9979452054794521,0.869883171062417,1.4909064953665332
30,4,2.0,threshold,-0.3640954323819888,-0.6444531433053169,0.0,0.9910563488448929,4,1.0157534246575342,0.869883171062417,1.4915843486585665
30,4,3.0,daily,-0.4742695455739747,-0.5938313096772796,0.0,0.9914046884744687,6,1.676027397260274,0.8802817853729006,1.5110857099021366
30,4,3.0,monthly,-0.4650872534541211,-0.5620154268434847,0.0,0.9900304936424323,2,1.7089041095890412,0.8802817853729006,1.5109463092634705
30,4,3.0,seasonal,-0.4053286534751031,-0.4997914019154361,0.0,0.991238909645444,2,1.4965753424657535,0.8802817853729006,1.51003971421311
30,4,3.0,threshold,-0.47293122124407894,-0.5862493065066255,0.0,0.9910563488448931,6,1.560958904109589,0.8802817853729006,1.5110653905780078
30,4,4.0,daily,-0.5781292487016783,-0.3075167550497736,0.0,0.991404688474469,8,2.2102739726027396,0.8802817853729006,1.5126642450075918
30,4,4.0,monthly,-0.5641944184064859,-0.23587539068591543,0.0,0.9900304936424326,2,2.2924657534246577,0.8802817853729006,1.5124522618147722
30,4,4.0,seasonal,-0.48668038871738317,-0.21651531602484372,0.0,0.9912389096454441,2,1.9952054794520548,0.8802817853729006,1.5112741655560642
30,4,4.0,threshold,-0.5767909243717825,-0.2999347518791196,0.0,0.9910563488448932,8,2.095205479452055,0.8802817853729006,1.5126438832089646
40,0,0.0,daily,0.0,0.0,0.03827389269551097,0.9083142019287599,0,0.0,1.3883135781953415,2.0325110981688117
40,0,0.0,monthly,0.0,0.0,0.03827389269551097,0.9083142019287599,0,0.0,1.3883135781953415,2.0325110981688117
40,0,0.0,seasonal,0.0,0.0,0.03827389269551097,0.9083142019287599,0,0.0,1.3883135781953415,2.0325110981688117
40,0,0.0,threshold,0.0,0.0,0.03827389269551097,0.9083142019287599,0,0.0,1.3883135781953415,2.0325110981688117
40,0,0.5,daily,0.050293979993167925,-0.05368247184910241,0.012034016283487409,0.9380351045485327,8,0.3445205479452055,1.3883135781953415,2.031489381305814
40,0,0.5,monthly,0.04412701639524866,-0.046255225514744445,0.013266490970142106,0.9360691751090056,6,0.31232876712328766,1.3883135781953415,2.0316146072579784
40,0,0.5,seasonal,0.22026247460023277,0.06954102239673193,0.011963730638995772,0.926113900299754,3,0.43767123287671234,1.3883135781953415,2.028044078096413
40,0,0.5,threshold,0.057898558854900556,-0.04400559224027299,0.012092642346528393,0.9415223092241136,4,0.1636986301369863,1.3883135781953415,2.031334984487278
40,0,1.0,daily,-0.002366054265730251,-0.10448978305921941,0.012072271289443957,0.9217733047477462,8,0.6,1.3883135781953415,2.032559189622221
40,0,1.0,monthly,0.011163895607177569,-0.08448572899196635,0.013266490970142106,0.9328207912803611,6,0.4780821917808219,1.3883135781953415,2.032284216080487
40,0,1.0,seasonal,0.18982354883179237,0.04906232542365863,0.011975240935040606,0.8983595622658986,3,0.686986301369863,1.3883135781953415,2.02866022333913
40,0,1.0,threshold,-0.001081590563711286,-0.10204543677519007,0.012107291814221814,0.9250517474896368,8,0.47054794520547943,1.3883135781953415,2.032533081854829
40,0,1.5,daily,-0.058241487096784235,-0.1782055522219352,0.019995163667234615,0.9293106832675279,14,0.8089041095890411,1.3883135781953415,2.033695552701726
40,0,1.5,monthly,-0.04203850291494741,-0.15411567508751842,0.01743234811698947,0.9398592557544494,6,0.6438356164383562,1.3883135781953415,2.0333658947497475
40,0,1.5,seasonal,0.15776653868476903,0.005937298712302394,0.011975240935040606,0.9051685310801609,3,0.873972602739726,1.3883135781953415,2.0293095267692274
40,0,1.5,threshold,-0.056954024542990665,-0.17567861724091996,0.02003018419201247,0.932497249230834,12,0.6691780821917809,1.3883135781953415,2.0336693547122175
40,0,2.0,daily,-0.07240998295168055,-0.1982581343452737,0.019995163667234615,0.9321999247318271,14,0.9445205479452055,1.3883135781953415,2.033983905568073
40,0,2.0,monthly,-0.05577250989037653,-0.1733662623287377,0.01743234811698947,0.9425143600132603,6,0.7684931506849315,1.3883135781953415,2.0336453132022525
40,0,2.0,seasonal,0.14865613454234403,-0.007999048917543362,0.011975240935040606,0.9070255225749599,3,0.9986301369863013,1.3883135781953415,2.029494130643433
40,0,2.0,threshold,-0.07132830049400044,-0.19650158046537383,0.02003018419201247,0.9359145928904962,12,0.8082191780821918,1.3883135781953415,2.0339618886166573
40,0,3.0,daily,-0.1098936309221184,-0.1801204794767308,0.019995163667234615,0.9321999247318271,16,1.1664383561643836,1.3883135781953415,2.034747155698293
40,0,3.0,monthly,-0.09137469437336836,-0.14525514948742274,0.01743234811698947,0.9425143600132605,6,1.0178082191780822,1.3883135781953415,2.034369997536484
40,0,3.0,seasonal,0.13820994910429804,0.04875654845887936,0.011975240935040606,0.9070255225749599,3,1.247945205479452,1.3883135781953415,2.0297058427565706
40,0,3.0,threshold,-0.10881194846445347,-0.17836392559681377,0.02003018419201247,0.9359145928904966,14,1.0301369863013699,1.3883135781953415,2.034725122220195
40,0,4.0,daily,-0.13016604970046802,-0.08073208534710284,0.019995163667234615,0.9321999247318272,18,1.3664383561643836,1.3883135781953415,2.035160185787728
40,0,4.0,monthly,-0.10814809451411087,-0.013093726922008492,0.01743234811698947,0.9425143600132607,6,1.2671232876712328,1.3883135781953415,2.034711599993061
40,0,4.0,seasonal,0.13820994910429804,0.04875654845887936,0.011975240935040606,0.9070255225749599,3,1.247945205479452,1.3883135781953415,2.0297058427565706
40,0,4.0,threshold,-0.1290843672427879,-0.07897553146720296,0.02003018419201247,0.9359145928904966,16,1.2301369863013698,1.3883135781953415,2.0351381433636893
40,4,0.0,daily,0.0,0.0,0.03827389269551097,0.9083142019287599,0,0.0,1.1883135781953416,1.8819260746165487
40,4,0.0,monthly,0.0,0.0,0.03827389269551097,0.9083142019287599,0,0.0,1.1883135781953416,1.8819260746165487
40,4,0.0,seasonal,0.0,0.0,0.03827389269551097,0.9083142019287599,0,0.0,1.1883135781953416,1.8819260746165487
40,4,0.0,threshold,0.0,0.0,0.03827389269551097,0.9083142019287599,0,0.0,1.1883135781953416,1.8819260746165487
40,4,0.5,daily,0.019162611999339087,-0.11490434893580827,0.012034016283487409,0.9500391175192442,6,0.31643835616438354,1.1883135781953416,1.8815655175169137
40,4,0.5,monthly,0.007508815664828049,-0.11818922573377576,0.013266490970142106,0.9483422833622362,5,0.31232876712328766,1.1883135781953416,1.881784774866595
40,4,0.5,seasonal,0.18613906424712082,-0.0019757296573321773,0.011960591467347183,0.9591769350489046,2,0.37534246575342467,1.1883135781953416,1.8784295833675275
40,4,0.5,threshold,0.02282039802765195,-0.10886861338981273,0.012034016283487409,0.9513356652543362,4,0.19863013698630136,1.1883135781953416,1.8814967095785458
40,4,1.0,daily,-0.018392116974507093,-0.16896916868501904,0.01204866575118083,0.9505038242807431,6,0.576027397260274,1.1883135781953416,1.8822722643331837
40,4,1.0,monthly,-0.019120595876813248,-0.1599168979190093,0.013266490970142106,0.948358847291313,5,0.5616438356164384,1.1883135781953416,1.8822859789118225
40,4,1.0,seasonal,0.1702322529625444,-0.04258466367600122,0.011960591467347183,0.9723495324415968,2,0.6246575342465753,1.1883135781953416,1.8787278738298927
40,4,1.0,threshold,-0.017251443138303964,-0.1660190559225568,0.01204866575118083,0.9517370210572934,6,0.4767123287671233,1.1883135781953416,1.882250790041313
40,4,1.5,daily,-0.11756577588968055,-0.3035106894486415,0.015863895943149353,0.9609093189787645,10,0.8013698630136986,1.1883135781953416,1.8841411798134535
40,4,1.5,monthly,-0.1156291379868416,-0.2906052055796835,0.013266490970142106,0.9597532118523482,5,0.7904109589041096,1.1883135781953416,1.8841046485804722
40,4,1.5,seasonal,0.10596859956809909,-0.13038751006174898,0.011960591467347183,0.9791585012558595,3,0.7493150684931507,1.1883135781953416,1.8799339349528736
40,4,1.5,threshold,-0.11642510205349386,-0.3005605766861793,0.015863895943149353,0.9621425157553147,10,0.6986301369863014,1.1883135781953416,1.88411966285684
40,4,2.0,daily,-0.14391618900553999,-0.341890175700749,0.015863895943149353,0.9640168729499555,10,1.0013698630136987,1.1883135781953416,1.884638374341437
40,4,2.0,monthly,-0.14153186264515297,-0.3286331163065917,0.013266490970142106,0.9628607658235392,5,0.9986301369863013,1.1883135781953416,1.8845933747230814
40,4,2.0,seasonal,0.08885123484539056,-0.15549268572324754,0.011960591467347183,0.9810154927506581,3,0.873972602739726,1.1883135781953416,1.8802554444359199
40,4,2.0,threshold,-0.14277551516936976,-0.33894006293828677,0.015863895943149353,0.9652500697265057,10,0.8986301369863013,1.1883135781953416,1.8846168460274333
40,4,3.0,daily,-0.22922506934262987,-0.3305338066921279,0.015863895943149353,0.9640168729499557,12,1.3657534246575342,1.1883135781953416,1.8862498321021604
40,4,3.0,monthly,-0.22022897097492822,-0.29356281437378323,0.013266490970142106,0.9628607658235394,5,1.415068493150685,1.1883135781953416,1.8860797686828852
40,4,3.0,seasonal,0.030492662621662652,-0.14760846389502036,0.011960591467347183,0.9810154927506581,3,1.1232876712328768,1.1883135781953416,1.8813524001764386
40,4,3.0,threshold,-0.2280843955064432,-0.32758369392968434,0.015863895943149353,0.965250069726506,12,1.263013698630137,1.1883135781953416,1.8862282669571095
40,4,4.0,daily,-0.292788746122885,-0.15694392369226354,0.015863895943149353,0.964016872949956,14,1.7246575342465753,1.1883135781953416,1.887452322605573
40,4,4.0,monthly,-0.2756866821233579,-0.07468685567098274,0.013266490970142106,0.9628607658235396,5,1.8315068493150686,1.1883135781953416,1.887128636943137
40,4,4.0,seasonal,-0.014828505391122068,-0.0277065388205687,0.011960591467347183,0.9810154927506581,3,1.3726027397260274,1.1883135781953416,1.8822051775127682
40,4,4.0,threshold,-0.2916480722866983,-0.15399381092981998,0.015863895943149353,0.9652500697265062,14,1.621917808219178,1.1883135781953416,1.887430729956213
50,0,0.0,daily,0.0,0.0,0.14391694489131743,0.8643706630289415,0,0.0,1.7799759234255725,2.1397213448912553
50,0,0.0,monthly,0.0,0.0,0.14391694489131743,0.8643706630289415,0,0.0,1.7799759234255725,2.1397213448912553
50,0,0.0,seasonal,0.0,0.0,0.14391694489131743,0.8643706630289415,0,0.0,1.7799759234255725,2.1397213448912553
50,0,0.0,threshold,0.0,0.0,0.14391694489131743,0.8643706630289415,0,0.0,1.7799759234255725,2.1397213448912553
50,0,0.5,daily,0.11740897144365796,0.006474666326603895,0.04505385405712948,0.8732002733227138,8,0.4006849315068493,1.7799759234255725,2.137212066186775
50,0,0.5,monthly,0.14427503005562758,0.023701539833346233,0.04497404527853669,0.8682950283220731,8,0.3952054794520548,1.7799759234255725,2.136638708752023
50,0,0.5,seasonal,0.22518985193543126,0.08119117815692291,0.04497404527853669,0.8566066947239656,3,0.43767123287671234,1.7799759234255725,2.134913735810634
50,0,0.5,threshold,0.13355430194757414,0.02432875796109434,0.04505385405712948,0.8767452231567792,4,0.16301369863013698,1.7799759234255725,2.136867466462876
50,0,1.0,daily,0.04778610245433248,-0.04475240519152225,0.04511354766014579,0.8321942521244032,8,0.6417808219178082,1.7799759234255725,2.1386993438316213
50,0,1.0,monthly,0.08786135766507763,-0.019986206458659908,0.04497404527853669,0.8376961718510001,8,0.5623287671232877,1.7799759234255725,2.1378430070005563
50,0,1.0,seasonal,0.17958633042045427,0.052996056047032336,0.04497404527853669,0.8218058150431278,3,0.5623287671232877,1.7799759234255725,2.135885586344759
50,0,1.0,threshold,0.05083568262306228,-0.03948717887915667,0.045079311775739386,0.8321410149677886,8,0.5184931506849315,1.7799759234255725,2.138634155619436
50,0,1.5,daily,0.038375983492664245,-0.06307225128055849,0.05733642066101739,0.8356967660587843,14,0.8280821917808219,1.7799759234255725,2.1389005207804757
50,0,1.5,monthly,0.08050172268332885,-0.03558967721672198,0.05449360021079484,0.8392725617973364,8,0.7294520547945206,1.7799759234255725,2.1380002178848843
50,0,1.5,seasonal,0.17635789678215136,0.04267514413251503,0.05059378919516768,0.8137186795964546,3,0.686986301369863,1.7799759234255725,2.1359544205988614
50,0,1.5,threshold,0.041425563661394056,-0.05780702496819291,0.05730218477661099,0.8356435289021696,13,0.6958904109589041,1.7799759234255725,2.1388353203040302
50,0,2.0,daily,0.0289909589644105,-0.08049065169912922,0.05733642066101739,0.8265153660474818,15,0.9171232876712329,1.7799759234255725,2.139101198940463
50,0,2.0,monthly,0.07779013133927644,-0.04467755403655785,0.05449360021079484,0.8298214700052119,9,0.8143835616438356,1.7799759234255725,2.1380581466508652
50,0,2.0,seasonal,0.17635789678215136,0.04267514413251503,0.05059378919516768,0.8137186795964546,3,0.686986301369863,1.7799759234255725,2.1359544205988614
50,0,2.0,threshold,0.032040539133140304,-0.07522542538676363,0.05730218477661099,0.8264621288908671,14,0.7849315068493151,1.7799759234255725,2.139035986229015
50,0,3.0,daily,0.026910369739295736,-0.0708671671374865,0.05733642066101739,0.8274369082907019,17,1.0068493150684932,1.7799759234255725,2.1391456928760397
50,0,3.0,monthly,0.07624846836321866,-0.03145058970229632,0.05449360021079484,0.830743012248432,9,0.9205479452054794,1.7799759234255725,2.1380910831881135
50,0,3.0,seasonal,0.17635789678215136,0.04267514413251503,0.05059378919516768,0.8137186795964546,3,0.686986301369863,1.7799759234255725,2.1359544205988614
50,0,3.0,threshold,0.02995994990802554,-0.06560194082512093,0.05730218477661099,0.8273836711340873,16,0.8746575342465753,1.7799759234255725,2.139080477451718
50,0,4.0,daily,0.026910369739295736,-0.0708671671374865,0.05733642066101739,0.8274369082907019,17,1.0068493150684932,1.7799759234255725,2.1391456928760397
50,0,4.0,monthly,0.07624846836321866,-0.03145058970229632,0.05449360021079484,0.830743012248432,9,0.9205479452054794,1.7799759234255725,2.1380910831881135
50,0,4.0,seasonal,0.17635789678215136,0.04267514413251503,0.05059378919516768,0.8137186795964546,3,0.686986301369863,1.7799759234255725,2.1359544205988614
50,0,4.0,threshold,0.02995994990802554,-0.06560194082512093,0.05730218477661099,0.8273836711340873,16,0.8746575342465753,1.7799759234255725,2.139080477451718
50,4,0.0,daily,0.0,0.0,0.14391694489131743,0.8643706630289415,0,0.0,1.5799759234255728,2.1209660041315286
50,4,0.0,monthly,0.0,0.0,0.14391694489131743,0.8643706630289415,0,0.0,1.5799759234255728,2.1209660041315286
50,4,0.0,seasonal,0.0,0.0,0.14391694489131743,0.8643706630289415,0,0.0,1.5799759234255728,2.1209660041315286
50,4,0.0,threshold,0.0,0.0,0.14391694489131743,0.8643706630289415,0,0.0,1.5799759234255728,2.1209660041315286
50,4,0.5,daily,0.09552900873836666,-0.03731009693314011,0.04505385405712948,0.8972889254791004,8,0.36917808219178083,1.5799759234255728,2.118941800034213
50,4,0.5,monthly,0.12738782114301384,-0.011997874209208514,0.04497404527853669,0.8929235046593413,7,0.37397260273972605,1.5799759234255728,2.118267589203663
50,4,0.5,seasonal,0.21247023090516773,0.048515914925328654,0.04497404527853669,0.885657399369159,3,0.43767123287671234,1.5799759234255728,2.1164691372685374
50,4,0.5,threshold,0.10514318197060157,-0.027321254779278603,0.04505385405712948,0.9012058519279699,4,0.2095890410958904,1.5799759234255728,2.118738295270252
50,4,1.0,daily,0.042642037407957946,-0.08845202580082,0.045079311775739386,0.8805710295708556,8,0.6198630136986302,1.5799759234255728,2.1200619665146956
50,4,1.0,monthly,0.09219209754087505,-0.0459179766286884,0.04497404527853669,0.8797256138221836,7,0.5808219178082191,1.5799759234255728,2.1190124421139918
50,4,1.0,seasonal,0.18058571996413994,0.02615245215521121,0.04497404527853669,0.8579806514506124,3,0.686986301369863,1.5799759234255728,2.1171427466598045
50,4,1.0,threshold,0.044239695700297794,-0.08594730609733447,0.045079311775739386,0.8823553432379909,8,0.5260273972602739,1.5799759234255728,2.120028110146839
50,4,1.5,daily,-0.012840866006829776,-0.16142025607455887,0.051504231512161394,0.901847028096294,13,0.834931506849315,1.5799759234255728,2.121238389510811
50,4,1.5,monthly,0.03915459120554315,-0.11454983312379959,0.04700495082714498,0.8998205665784765,7,0.7671232876712328,1.5799759234255728,2.1201358735972198
50,4,1.5,seasonal,0.14816074550550362,-0.02356562787995529,0.05059378919516768,0.8662770759542961,3,0.9363013698630137,1.5799759234255728,2.11782821406105
50,4,1.5,threshold,-0.011243207714489932,-0.15891553637105763,0.051504231512161394,0.9036313417634295,12,0.7349315068493151,1.5799759234255728,2.1212044955590135
50,4,2.0,daily,-0.0277270508558311,-0.1839332918453979,0.051504231512161394,0.9037756486945748,14,0.989041095890411,1.5799759234255728,2.12155424855696
50,4,2.0,monthly,0.026476512445262883,-0.13195825040237502,0.04700495082714498,0.9059219467988705,7,0.8917808219178082,1.5799759234255728,2.120404594945058
50,4,2.0,seasonal,0.1395504312531769,-0.036476505761474355,0.05059378919516768,0.8706704082294847,3,1.060958904109589,1.5799759234255728,2.1180103116076934
50,4,2.0,threshold,-0.02612939256349126,-0.18142857214191238,0.051504231512161394,0.9055599623617103,13,0.8890410958904109,1.5799759234255728,2.1215203445106603
50,4,3.0,daily,-0.08721308527417873,-0.19749135997211187,0.051504231512161394,0.906716650322712,16,1.2410958904109588,1.5799759234255728,2.122817378662196
50,4,3.0,monthly,-0.030974615328244116,-0.14083633000788892,0.04700495082714498,0.9088629484270077,7,1.141095890410959,1.5799759234255728,2.121623168746763
50,4,3.0,seasonal,0.11245305896669011,-0.009321634599647115,0.05059378919516768,0.8725931328188096,3,1.3102739726027397,1.5799759234255728,2.1185835920754736
50,4,3.0,threshold,-0.08561542698182495,-0.19498664026861062,0.051504231512161394,0.9085009639898475,15,1.141095890410959,1.5799759234255728,2.1227834342326464
50,4,4.0,daily,-0.11557380015384186,-0.10710017548003042,0.051504231512161394,0.9065738714582562,18,1.4602739726027398,1.5799759234255728,2.12342012145913
50,4,4.0,monthly,-0.05740043961045803,-0.03214122115192307,0.04700495082714498,0.9087100901160762,7,1.3904109589041096,1.5799759234255728,2.1221841471613425
50,4,4.0,seasonal,0.1082364732372131,0.12146653903953843,0.05059378919516768,0.8725352960811712,3,1.5595890410958904,1.5799759234255728,2.118672827383733
50,4,4.0,threshold,-0.11397614186148809,-0.1045954557765449,0.051504231512161394,0.9083581851253918,17,1.3602739726027397,1.5799759234255728,2.123386157750954
