lat,warming,ac_prevalence,p_light_scale,cop_cool,cop_heat,heat_electric_share,regime,E_annual,C_annual,dE_pct,dC_pct
20,0,0.25,0.55,3.0,2.5,0.5,ST,4580.979232595252,1986.494445739982,0.0,0.0
20,0,0.25,0.55,3.0,2.5,0.5,DST,4585.228063729807,1990.228888735552,0.09274940834315885,0.1879916152586474
20,0,0.25,0.55,3.0,2.5,0.5,SAS_daily_energy,4571.172292290966,1977.5136116183182,-0.21407956260763258,-0.4520946001597467
20,0,0.25,0.55,3.0,2.5,0.5,SAS_monthly_energy,4571.322301843185,1977.3292836790872,-0.21080494500726668,-0.46137365652088147
20,0,0.25,0.55,3.0,2.5,0.5,SAS_seasonal_energy,4572.128591353111,1978.0707439658393,-0.19320413371808723,-0.42404859435712366
20,0,0.25,0.55,3.0,2.5,0.5,SAS_threshold_energy,4571.374871956559,1978.0224934090356,-0.20965737129639392,-0.4264775242193287
20,0,0.25,0.55,3.0,2.5,0.5,SAS_daily_carbon,4572.416426871588,1977.1158296312956,-0.1869208588141411,-0.4721189192750452
20,0,0.25,0.55,3.0,2.5,0.5,SAS_monthly_carbon,4572.464249634967,1977.1447232779183,-0.1858769168761577,-0.4706644150007114
20,0,0.25,0.55,3.0,2.5,0.5,SAS_seasonal_carbon,4572.508953377667,1977.165610636432,-0.18490106126908273,-0.46961294674423515
20,0,0.25,0.55,3.0,2.5,0.5,SAS_threshold_carbon,4571.400541377032,1977.217145438697,-0.20909702340636094,-0.4670186881810908
20,0,0.25,0.55,3.0,2.5,0.5,SAS_daily_morning,4571.172292290966,1977.5136116183182,-0.21407956260763258,-0.4520946001597467
20,0,0.25,0.55,3.0,2.5,0.5,SAS_monthly_morning,4571.322301843185,1977.3292836790872,-0.21080494500726668,-0.46137365652088147
20,0,0.25,0.55,3.0,2.5,0.5,SAS_seasonal_morning,4572.128591353111,1978.0707439658393,-0.19320413371808723,-0.42404859435712366
20,0,0.25,0.55,3.0,2.5,0.5,SAS_threshold_morning,4571.374871956559,1978.0224934090356,-0.20965737129639392,-0.4264775242193287
20,0,0.75,0.55,3.0,2.5,0.5,ST,5590.109794820576,2395.228250076764,0.0,0.0
20,0,0.75,0.55,3.0,2.5,0.5,DST,5602.237936895211,2403.5207448178617,0.21695713536559968,0.34620895694728493
20,0,0.75,0.55,3.0,2.5,0.5,SAS_daily_energy,5556.547183972566,2370.3122120104194,-0.6003926949539875,-1.0402364812433313
20,0,0.75,0.55,3.0,2.5,0.5,SAS_monthly_energy,5556.678574604628,2370.1376504828686,-0.5980422825849186,-1.0475243682138218
20,0,0.75,0.55,3.0,2.5,0.5,SAS_seasonal_energy,5557.711272839655,2370.2074601508098,-0.5795686161824468,-1.0446098372943182
20,0,0.75,0.55,3.0,2.5,0.5,SAS_threshold_energy,5556.693988087435,2370.7260463028597,-0.5977665548555378,-1.0229590342014063
20,0,0.75,0.55,3.0,2.5,0.5,SAS_daily_carbon,5556.87111642981,2369.7806827988798,-0.5945979526477758,-1.0624276528580892
20,0,0.75,0.55,3.0,2.5,0.5,SAS_monthly_carbon,5556.890286844091,2369.7866313255713,-0.5942550181619712,-1.0621793038044502
20,0,0.75,0.55,3.0,2.5,0.5,SAS_seasonal_carbon,5557.711272839655,2370.2074601508098,-0.5795686161824468,-1.0446098372943182
20,0,0.75,0.55,3.0,2.5,0.5,SAS_threshold_carbon,5556.87111642981,2369.7806827988798,-0.5945979526477758,-1.0624276528580892
20,0,0.75,0.55,3.0,2.5,0.5,SAS_daily_morning,5556.547183972566,2370.3122120104194,-0.6003926949539875,-1.0402364812433313
20,0,0.75,0.55,3.0,2.5,0.5,SAS_monthly_morning,5556.678574604628,2370.1376504828686,-0.5980422825849186,-1.0475243682138218
20,0,0.75,0.55,3.0,2.5,0.5,SAS_seasonal_morning,5557.711272839655,2370.2074601508098,-0.5795686161824468,-1.0446098372943182
20,0,0.75,0.55,3.0,2.5,0.5,SAS_threshold_morning,5556.693988087435,2370.7260463028597,-0.5977665548555378,-1.0229590342014063
20,2,0.25,0.55,3.0,2.5,0.5,ST,4688.741823001478,2032.8732226773755,0.0,0.0
20,2,0.25,0.55,3.0,2.5,0.5,DST,4693.02528358261,2036.6987766457519,0.09135629008445094,0.18818458159127197
20,2,0.25,0.55,3.0,2.5,0.5,SAS_daily_energy,4677.31606879711,2021.687433264479,-0.2436848654860192,-0.5502453024672267
20,2,0.25,0.55,3.0,2.5,0.5,SAS_monthly_energy,4677.344630757175,2021.6985166957897,-0.24307570505145673,-0.5497000923091587
20,2,0.25,0.55,3.0,2.5,0.5,SAS_seasonal_energy,4677.549147243021,2021.8304047275426,-0.23871384224120124,-0.5432123275886834
20,2,0.25,0.55,3.0,2.5,0.5,SAS_threshold_energy,4677.820401456534,2022.762403355465,-0.23292861832075404,-0.4973659551968547
20,2,0.25,0.55,3.0,2.5,0.5,SAS_daily_carbon,4677.317435429278,2021.6865468891494,-0.24365571838816147,-0.5502889045630063
20,2,0.25,0.55,3.0,2.5,0.5,SAS_monthly_carbon,4677.344630757175,2021.6985166957897,-0.24307570505145673,-0.5497000923091587
20,2,0.25,0.55,3.0,2.5,0.5,SAS_seasonal_carbon,4677.549147243021,2021.8304047275426,-0.23871384224120124,-0.5432123275886834
20,2,0.25,0.55,3.0,2.5,0.5,SAS_threshold_carbon,4677.317435429278,2021.6865468891494,-0.24365571838816147,-0.5502889045630063
20,2,0.25,0.55,3.0,2.5,0.5,SAS_daily_morning,4677.31606879711,2021.687433264479,-0.2436848654860192,-0.5502453024672267
20,2,0.25,0.55,3.0,2.5,0.5,SAS_monthly_morning,4677.344630757175,2021.6985166957897,-0.24307570505145673,-0.5497000923091587
20,2,0.25,0.55,3.0,2.5,0.5,SAS_seasonal_morning,4677.549147243021,2021.8304047275426,-0.23871384224120124,-0.5432123275886834
20,2,0.25,0.55,3.0,2.5,0.5,SAS_threshold_morning,4677.820401456534,2022.762403355465,-0.23292861832075404,-0.4973659551968547
20,2,0.75,0.55,3.0,2.5,0.5,ST,5987.455976144607,2568.387844792796,0.0,0.0
20,2,0.75,0.55,3.0,2.5,0.5,DST,5999.688006558977,2576.9536724523123,0.20429428563825355,0.333509897147461
20,2,0.75,0.55,3.0,2.5,0.5,SAS_daily_energy,5946.3937400089235,2537.443915321429,-0.6858043933731616,-1.2047997164487212
20,2,0.75,0.55,3.0,2.5,0.5,SAS_monthly_energy,5946.3937400089235,2537.443915321429,-0.6858043933731616,-1.2047997164487212
20,2,0.75,0.55,3.0,2.5,0.5,SAS_seasonal_energy,5946.3937400089235,2537.443915321429,-0.6858043933731616,-1.2047997164487212
20,2,0.75,0.55,3.0,2.5,0.5,SAS_threshold_energy,5946.3937400089235,2537.443915321429,-0.6858043933731616,-1.2047997164487212
20,2,0.75,0.55,3.0,2.5,0.5,SAS_daily_carbon,5946.3937400089235,2537.443915321429,-0.6858043933731616,-1.2047997164487212
20,2,0.75,0.55,3.0,2.5,0.5,SAS_monthly_carbon,5946.3937400089235,2537.443915321429,-0.6858043933731616,-1.2047997164487212
20,2,0.75,0.55,3.0,2.5,0.5,SAS_seasonal_carbon,5946.3937400089235,2537.443915321429,-0.6858043933731616,-1.2047997164487212
20,2,0.75,0.55,3.0,2.5,0.5,SAS_threshold_carbon,5946.3937400089235,2537.443915321429,-0.6858043933731616,-1.2047997164487212
20,2,0.75,0.55,3.0,2.5,0.5,SAS_daily_morning,5946.3937400089235,2537.443915321429,-0.6858043933731616,-1.2047997164487212
20,2,0.75,0.55,3.0,2.5,0.5,SAS_monthly_morning,5946.3937400089235,2537.443915321429,-0.6858043933731616,-1.2047997164487212
20,2,0.75,0.55,3.0,2.5,0.5,SAS_seasonal_morning,5946.3937400089235,2537.443915321429,-0.6858043933731616,-1.2047997164487212
20,2,0.75,0.55,3.0,2.5,0.5,SAS_threshold_morning,5946.3937400089235,2537.443915321429,-0.6858043933731616,-1.2047997164487212
20,4,0.25,0.55,3.0,2.5,0.5,ST,4837.760203872923,2098.5689389829395,0.0,0.0
20,4,0.25,0.55,3.0,2.5,0.5,DST,4842.075764454055,2102.4844656649025,0.08920575636795078,0.18658079843022174
20,4,0.25,0.55,3.0,2.5,0.5,SAS_daily_energy,4825.475302704663,2086.4377201508646,-0.25393778630088637,-0.5780710181460227
20,4,0.25,0.55,3.0,2.5,0.5,SAS_monthly_energy,4825.498484424699,2086.461634327234,-0.25345860339268933,-0.5769314712898144
20,4,0.25,0.55,3.0,2.5,0.5,SAS_seasonal_energy,4825.563506026807,2086.511881126413,-0.2521145598814874,-0.5745371349282439
20,4,0.25,0.55,3.0,2.5,0.5,SAS_threshold_energy,4825.475302704663,2086.4377201508646,-0.25393778630088637,-0.5780710181460227
20,4,0.25,0.55,3.0,2.5,0.5,SAS_daily_carbon,4825.478889712125,2086.4354546396135,-0.25386364026405545,-0.5781789732009684
20,4,0.25,0.55,3.0,2.5,0.5,SAS_monthly_carbon,4825.507327708036,2086.4537491362416,-0.25327580633445257,-0.5773072126269722
20,4,0.25,0.55,3.0,2.5,0.5,SAS_seasonal_carbon,4825.563506026807,2086.511881126413,-0.2521145598814874,-0.5745371349282439
20,4,0.25,0.55,3.0,2.5,0.5,SAS_threshold_carbon,4825.478889712125,2086.4354546396135,-0.25386364026405545,-0.5781789732009684
20,4,0.25,0.55,3.0,2.5,0.5,SAS_daily_morning,4825.475302704663,2086.4377201508646,-0.25393778630088637,-0.5780710181460227
20,4,0.25,0.55,3.0,2.5,0.5,SAS_monthly_morning,4825.498484424699,2086.461634327234,-0.25345860339268933,-0.5769314712898144
20,4,0.25,0.55,3.0,2.5,0.5,SAS_seasonal_morning,4825.563506026807,2086.511881126413,-0.2521145598814874,-0.5745371349282439
20,4,0.25,0.55,3.0,2.5,0.5,SAS_threshold_morning,4825.475302704663,2086.4377201508646,-0.25393778630088637,-0.5780710181460227
20,4,0.75,0.55,3.0,2.5,0.5,ST,6448.055082694925,2771.628218662724,0.0,0.0
20,4,0.75,0.55,3.0,2.5,0.5,DST,6460.3834131092935,2780.4639644630015,0.1911945579909073,0.3187926050392348
20,4,0.75,0.55,3.0,2.5,0.5,SAS_daily_energy,6402.181656622952,2736.547995523492,-0.7114304310936571,-1.2656900699386722
20,4,0.75,0.55,3.0,2.5,0.5,SAS_monthly_energy,6402.181656622952,2736.547995523492,-0.7114304310936571,-1.2656900699386722
20,4,0.75,0.55,3.0,2.5,0.5,SAS_seasonal_energy,6402.181656622952,2736.547995523492,-0.7114304310936571,-1.2656900699386722
20,4,0.75,0.55,3.0,2.5,0.5,SAS_threshold_energy,6402.181656622952,2736.547995523492,-0.7114304310936571,-1.2656900699386722
20,4,0.75,0.55,3.0,2.5,0.5,SAS_daily_carbon,6402.181656622952,2736.547995523492,-0.7114304310936571,-1.2656900699386722
20,4,0.75,0.55,3.0,2.5,0.5,SAS_monthly_carbon,6402.181656622952,2736.547995523492,-0.7114304310936571,-1.2656900699386722
20,4,0.75,0.55,3.0,2.5,0.5,SAS_seasonal_carbon,6402.181656622952,2736.547995523492,-0.7114304310936571,-1.2656900699386722
20,4,0.75,0.55,3.0,2.5,0.5,SAS_threshold_carbon,6402.181656622952,2736.547995523492,-0.7114304310936571,-1.2656900699386722
20,4,0.75,0.55,3.0,2.5,0.5,SAS_daily_morning,6402.181656622952,2736.547995523492,-0.7114304310936571,-1.2656900699386722
20,4,0.75,0.55,3.0,2.5,0.5,SAS_monthly_morning,6402.181656622952,2736.547995523492,-0.7114304310936571,-1.2656900699386722
20,4,0.75,0.55,3.0,2.5,0.5,SAS_seasonal_morning,6402.181656622952,2736.547995523492,-0.7114304310936571,-1.2656900699386722
20,4,0.75,0.55,3.0,2.5,0.5,SAS_threshold_morning,6402.181656622952,2736.547995523492,-0.7114304310936571,-1.2656900699386722
30,0,0.25,0.55,3.0,2.5,0.5,ST,4829.6692868553555,2126.8176637919555,0.0,0.0
30,0,0.25,0.55,3.0,2.5,0.5,DST,4832.451320084405,2129.712245121774,0.05760297576939857,0.13609917667589075
30,0,0.25,0.55,3.0,2.5,0.5,SAS_daily_energy,4809.761066872623,2115.02696742187,-0.41220669160341256,-0.5543820972910191
30,0,0.25,0.55,3.0,2.5,0.5,SAS_monthly_energy,4810.404461955814,2115.204435657835,-0.39888497028094794,-0.5460377883741622
30,0,0.25,0.55,3.0,2.5,0.5,SAS_seasonal_energy,4813.929730055978,2116.69133527529,-0.3258930552908592,-0.47612584233530864
30,0,0.25,0.55,3.0,2.5,0.5,SAS_threshold_energy,4809.899022531619,2115.1006920879363,-0.40935027119856565,-0.5509156663260328
30,0,0.25,0.55,3.0,2.5,0.5,SAS_daily_carbon,4810.2330995094835,2114.806041687291,-0.4024330899585689,-0.5647697171768276
30,0,0.25,0.55,3.0,2.5,0.5,SAS_monthly_carbon,4810.808834331923,2115.054988360727,-0.3905122981145674,-0.5530645918304397
30,0,0.25,0.55,3.0,2.5,0.5,SAS_seasonal_carbon,4813.929730055978,2116.69133527529,-0.3258930552908592,-0.47612584233530864
30,0,0.25,0.55,3.0,2.5,0.5,SAS_threshold_carbon,4810.269064741669,2114.856411163656,-0.4016884171859687,-0.5624014146550509
30,0,0.25,0.55,3.0,2.5,0.5,SAS_daily_morning,4821.827413466165,2120.7776773742803,-0.16236874459568407,-0.2839917365979728
30,0,0.25,0.55,3.0,2.5,0.5,SAS_monthly_morning,4822.493118821929,2121.102169067585,-0.14858508123853534,-0.26873458978991327
30,0,0.25,0.55,3.0,2.5,0.5,SAS_seasonal_morning,4824.92981413681,2122.0489144297203,-0.09813244835303209,-0.22421994341221013
30,0,0.25,0.55,3.0,2.5,0.5,SAS_threshold_morning,4821.949052817169,2120.8910109559365,-0.15985015908228178,-0.2786629496697064
30,0,0.75,0.55,3.0,2.5,0.5,ST,5313.8195912999845,2318.2649213090726,0.0,0.0
30,0,0.75,0.55,3.0,2.5,0.5,DST,5323.06122785359,2324.7564293519245,0.17391701759571096,0.28001579902206386
30,0,0.75,0.55,3.0,2.5,0.5,SAS_daily_energy,5280.630726541982,2297.9878842927465,-0.6245764310918813,-0.8746643591050924
30,0,0.75,0.55,3.0,2.5,0.5,SAS_monthly_energy,5281.593426882743,2298.125013048194,-0.6064595130403633,-0.8687492130755314
30,0,0.75,0.55,3.0,2.5,0.5,SAS_seasonal_energy,5286.848386529236,2301.3583026318584,-0.5075671898027263,-0.7292789759190892
30,0,0.75,0.55,3.0,2.5,0.5,SAS_threshold_energy,5280.774190673067,2298.0508894443064,-0.621876600421677,-0.8719465872499063
30,0,0.75,0.55,3.0,2.5,0.5,SAS_daily_carbon,5281.124430857876,2297.7353610517657,-0.6152854811939467,-0.8855571280315248
30,0,0.75,0.55,3.0,2.5,0.5,SAS_monthly_carbon,5282.27265275803,2298.0025282958354,-0.5936772598302862,-0.8740326796557614
30,0,0.75,0.55,3.0,2.5,0.5,SAS_seasonal_carbon,5287.533940331076,2300.957858280548,-0.49466585226085136,-0.746552426749906
30,0,0.75,0.55,3.0,2.5,0.5,SAS_threshold_carbon,5281.131072245391,2297.7791395571403,-0.6151604978857893,-0.8836687111826922
30,0,0.75,0.55,3.0,2.5,0.5,SAS_daily_morning,5292.4158965464185,2303.5840567263394,-0.40279302648153636,-0.6332694959833682
30,0,0.75,0.55,3.0,2.5,0.5,SAS_monthly_morning,5293.247729687557,2303.816907214673,-0.3871388792745025,-0.6232253251816114
30,0,0.75,0.55,3.0,2.5,0.5,SAS_seasonal_morning,5296.56626453497,2305.3896011774386,-0.32468785340891326,-0.5553860567567744
30,0,0.75,0.55,3.0,2.5,0.5,SAS_threshold_morning,5292.538899413779,2303.6831150965354,-0.4004782533649971,-0.6289965429966136
30,2,0.25,0.55,3.0,2.5,0.5,ST,4719.5366603952425,2066.303537900927,0.0,0.0
30,2,0.25,0.55,3.0,2.5,0.5,DST,4723.324142180143,2069.737732990092,0.08025113602112385,0.1661999326901176
30,2,0.25,0.55,3.0,2.5,0.5,SAS_daily_energy,4703.206314430394,2055.7034755932323,-0.3460158727420728,-0.5129963779892154
30,2,0.25,0.55,3.0,2.5,0.5,SAS_monthly_energy,4703.664592844751,2056.2067528529524,-0.3363056310947842,-0.48863997291663996
30,2,0.25,0.55,3.0,2.5,0.5,SAS_seasonal_energy,4706.446349508562,2057.759247674681,-0.27736432257280663,-0.4135060541456542
30,2,0.25,0.55,3.0,2.5,0.5,SAS_threshold_energy,4703.381141369948,2055.8373737201887,-0.34231154852268525,-0.506516297763808
30,2,0.25,0.55,3.0,2.5,0.5,SAS_daily_carbon,4703.687050628434,2055.476143302098,-0.3358297838813939,-0.5239982606731665
30,2,0.25,0.55,3.0,2.5,0.5,SAS_monthly_carbon,4704.3081973507,2055.7537435475188,-0.3226686037283065,-0.5105636301685565
30,2,0.25,0.55,3.0,2.5,0.5,SAS_seasonal_carbon,4706.8501952703755,2057.3304955977615,-0.2688074283081125,-0.4342557682634048
30,2,0.25,0.55,3.0,2.5,0.5,SAS_threshold_carbon,4703.66960114522,2055.5240736494197,-0.33619951261684367,-0.5216786427447015
30,2,0.25,0.55,3.0,2.5,0.5,SAS_daily_morning,4711.038158421172,2059.2569157348216,-0.18007068459468142,-0.3410255094110608
30,2,0.25,0.55,3.0,2.5,0.5,SAS_monthly_morning,4711.464572371096,2059.5659876333566,-0.1710356038101008,-0.32606778936335956
30,2,0.25,0.55,3.0,2.5,0.5,SAS_seasonal_morning,4712.992760258896,2060.281793137255,-0.13865556318824185,-0.29142595234527585
30,2,0.25,0.55,3.0,2.5,0.5,SAS_threshold_morning,4711.150390075518,2059.4220539492944,-0.17769266186868285,-0.3330335463986687
30,2,0.75,0.55,3.0,2.5,0.5,ST,5387.977768046444,2335.693344457378,0.0,0.0
30,2,0.75,0.55,3.0,2.5,0.5,DST,5398.971459016183,2343.2162184725544,0.2040411345966823,0.3220831207584832
30,2,0.75,0.55,3.0,2.5,0.5,SAS_daily_energy,5355.717914398254,2314.5948467391127,-0.5987376904097128,-0.9033076952645406
30,2,0.75,0.55,3.0,2.5,0.5,SAS_monthly_energy,5356.529349049197,2315.039028622431,-0.5836775939157172,-0.8842905633977899
30,2,0.75,0.55,3.0,2.5,0.5,SAS_seasonal_energy,5360.746258605837,2317.173313197062,-0.505412431396877,-0.7929136461455547
30,2,0.75,0.55,3.0,2.5,0.5,SAS_threshold_energy,5355.869280194273,2314.670418510991,-0.5959283656029705,-0.9000721775516615
30,2,0.75,0.55,3.0,2.5,0.5,SAS_daily_carbon,5356.268401313091,2314.329777663614,-0.5885207418895864,-0.9146563201226612
30,2,0.75,0.55,3.0,2.5,0.5,SAS_monthly_carbon,5357.1277691731175,2314.858566431106,-0.5725710127514503,-0.8920168426952604
30,2,0.75,0.55,3.0,2.5,0.5,SAS_seasonal_carbon,5363.565692867285,2317.169840596724,-0.4530841853864975,-0.7930623214991072
30,2,0.75,0.55,3.0,2.5,0.5,SAS_threshold_carbon,5356.191985627194,2314.3687453768093,-0.5899390047181744,-0.9129879627037516
30,2,0.75,0.55,3.0,2.5,0.5,SAS_daily_morning,5363.034284228416,2317.8564453626714,-0.462947044175939,-0.7636661352413245
30,2,0.75,0.55,3.0,2.5,0.5,SAS_monthly_morning,5363.669960721894,2318.03844704713,-0.45114899079034493,-0.7558739443319122
30,2,0.75,0.55,3.0,2.5,0.5,SAS_seasonal_morning,5366.280229176238,2319.8549906761427,-0.4027028284875944,-0.6781007369319132
30,2,0.75,0.55,3.0,2.5,0.5,SAS_threshold_morning,5363.084575362662,2317.998527248292,-0.4620136488203795,-0.7575830641927389
30,4,0.25,0.55,3.0,2.5,0.5,ST,4682.6151927158535,2040.3905176565167,0.0,0.0
30,4,0.25,0.55,3.0,2.5,0.5,DST,4686.742490914176,2044.0564460850887,0.08814087915537548,0.17966798006797624
30,4,0.25,0.55,3.0,2.5,0.5,SAS_daily_energy,4669.545687370518,2030.809124867364,-0.27910696923518485,-0.46958622411935935
30,4,0.25,0.55,3.0,2.5,0.5,SAS_monthly_energy,4670.017078378635,2030.794504339056,-0.2690401371612924,-0.4703027795131232
30,4,0.25,0.55,3.0,2.5,0.5,SAS_seasonal_energy,4671.518223591476,2031.938704741454,-0.2369822987299778,-0.41422525942582533
30,4,0.25,0.55,3.0,2.5,0.5,SAS_threshold_energy,4669.749783849292,2030.9835891710102,-0.27474836895790067,-0.4610356892028131
30,4,0.25,0.55,3.0,2.5,0.5,SAS_daily_carbon,4670.0676452796415,2030.5158415211417,-0.267960251265801,-0.483960107142457
30,4,0.25,0.55,3.0,2.5,0.5,SAS_monthly_carbon,4670.364070328933,2030.5991967520436,-0.26162992009204705,-0.4798748484539608
30,4,0.25,0.55,3.0,2.5,0.5,SAS_seasonal_carbon,4673.845129038045,2031.9031485599764,-0.18728986510466644,-0.4159678759087963
30,4,0.25,0.55,3.0,2.5,0.5,SAS_threshold_carbon,4669.995513627293,2030.5737760320262,-0.2695006651025139,-0.4811207236821271
30,4,0.25,0.55,3.0,2.5,0.5,SAS_daily_morning,4673.333179213994,2032.3159868517537,-0.19822285453432145,-0.3957345780079906
30,4,0.25,0.55,3.0,2.5,0.5,SAS_monthly_morning,4673.49165357236,2032.4438065276909,-0.1948385414561973,-0.38947010682803257
30,4,0.25,0.55,3.0,2.5,0.5,SAS_seasonal_morning,4674.343047597892,2033.2653851193245,-0.17665652157002548,-0.34920435453580734
30,4,0.25,0.55,3.0,2.5,0.5,SAS_threshold_morning,4673.428485407693,2032.5542978931016,-0.19618753474449238,-0.38405490005978676
30,4,0.75,0.55,3.0,2.5,0.5,ST,5572.282811046951,2402.958358664456,0.0,0.0
30,4,0.75,0.55,3.0,2.5,0.5,DST,5584.125252718703,2411.098067778225,0.21252406012622221,0.33873700242950394
30,4,0.75,0.55,3.0,2.5,0.5,SAS_daily_energy,5541.040802293631,2380.938424646911,-0.5606680388041927,-0.9163676906071514
30,4,0.75,0.55,3.0,2.5,0.5,SAS_monthly_energy,5541.4955969927005,2381.116324336943,-0.5525063084238169,-0.9089643292717124
30,4,0.75,0.55,3.0,2.5,0.5,SAS_seasonal_energy,5545.963314931379,2384.7080098057713,-0.47232879249047377,-0.7594950113420957
30,4,0.75,0.55,3.0,2.5,0.5,SAS_threshold_energy,5541.241526969449,2381.0148939317396,-0.5570658405198458,-0.9131853930632473
30,4,0.75,0.55,3.0,2.5,0.5,SAS_daily_carbon,5541.683890416691,2380.5938378546352,-0.5491272009668707,-0.9307077972941049
30,4,0.75,0.55,3.0,2.5,0.5,SAS_monthly_carbon,5541.822095584132,2380.8300384052322,-0.5466469756781092,-0.9208782241038195
30,4,0.75,0.55,3.0,2.5,0.5,SAS_seasonal_carbon,5546.754023873424,2382.9313112440336,-0.458138756398309,-0.8334329784871102
30,4,0.75,0.55,3.0,2.5,0.5,SAS_threshold_carbon,5541.570634587188,2380.6445217560035,-0.5511596862757374,-0.928598568010728
30,4,0.75,0.55,3.0,2.5,0.5,SAS_daily_morning,5543.880469326273,2381.9478777730833,-0.5097074696993302,-0.8743589257639043
30,4,0.75,0.55,3.0,2.5,0.5,SAS_monthly_morning,5544.222726433675,2381.973903127325,-0.5035653351557647,-0.8732758710306567
30,4,0.75,0.55,3.0,2.5,0.5,SAS_seasonal_morning,5547.862841488914,2384.917851629622,-0.43823995274656885,-0.7507623663050312
30,4,0.75,0.55,3.0,2.5,0.5,SAS_threshold_morning,5543.942967508588,2382.1115573518705,-0.5085858794205506,-0.867547339612317
40,0,0.25,0.55,3.0,2.5,0.5,ST,5863.946493390162,2608.491626242883,0.0,0.0
40,0,0.25,0.55,3.0,2.5,0.5,DST,5862.023865602036,2609.1034020287857,-0.0327872669079327,0.02345323940272831
40,0,0.25,0.55,3.0,2.5,0.5,SAS_daily_energy,5839.267975506689,2594.9496684727505,-0.42085168940900364,-0.5191489837993968
40,0,0.25,0.55,3.0,2.5,0.5,SAS_monthly_energy,5839.711053734496,2595.472150388735,-0.4132957161697138,-0.49911894380509847
40,0,0.25,0.55,3.0,2.5,0.5,SAS_seasonal_energy,5842.580119408394,2596.479098797023,-0.3643685017564827,-0.4605162357052212
40,0,0.25,0.55,3.0,2.5,0.5,SAS_threshold_energy,5839.384212164342,2595.0386805629037,-0.41886946365398087,-0.5157365867934947
40,0,0.25,0.55,3.0,2.5,0.5,SAS_daily_carbon,5839.663972781377,2594.745780582651,-0.4140986046880855,-0.5269652975666395
40,0,0.25,0.55,3.0,2.5,0.5,SAS_monthly_carbon,5841.343238356909,2595.1416425578104,-0.38546148159317817,-0.5117894016129517
40,0,0.25,0.55,3.0,2.5,0.5,SAS_seasonal_carbon,5842.580119408394,2596.479098797023,-0.3643685017564827,-0.4605162357052212
40,0,0.25,0.55,3.0,2.5,0.5,SAS_threshold_carbon,5839.724539475626,2594.7920677938578,-0.41306573894967,-0.5251908156882641
40,0,0.25,0.55,3.0,2.5,0.5,SAS_daily_morning,5863.235781379911,2605.5451145565594,-0.012120028909746821,-0.11295844911595244
40,0,0.25,0.55,3.0,2.5,0.5,SAS_monthly_morning,5863.893413426086,2606.314628962672,-0.0009051918215042053,-0.0834580896602845
40,0,0.25,0.55,3.0,2.5,0.5,SAS_seasonal_morning,5875.407568656436,2609.710740476454,0.19544986092886008,0.04673636753539834
40,0,0.25,0.55,3.0,2.5,0.5,SAS_threshold_morning,5863.293755868752,2605.62030242269,-0.011131368987520316,-0.11007602214649674
40,0,0.75,0.55,3.0,2.5,0.5,ST,6103.148747514741,2699.1993735536394,0.0,0.0
40,0,0.75,0.55,3.0,2.5,0.5,DST,6105.40202046597,2702.0884930868265,0.03691984325543701,0.10703616640898349
40,0,0.75,0.55,3.0,2.5,0.5,SAS_daily_energy,6071.130919385717,2681.0051303525597,-0.524611630055101,-0.6740607373928794
40,0,0.75,0.55,3.0,2.5,0.5,SAS_monthly_energy,6072.2093439123855,2681.680299938946,-0.5069416604822999,-0.6490470391458526
40,0,0.75,0.55,3.0,2.5,0.5,SAS_seasonal_energy,6077.060454807127,2684.8791011165495,-0.42745628177976036,-0.5305377801061245
40,0,0.75,0.55,3.0,2.5,0.5,SAS_threshold_energy,6071.248668847189,2681.0894885501907,-0.5226823069082563,-0.6709354329615906
40,0,0.75,0.55,3.0,2.5,0.5,SAS_daily_carbon,6071.573344030239,2680.782727014281,-0.5173625089403237,-0.6823003413457277
40,0,0.75,0.55,3.0,2.5,0.5,SAS_monthly_carbon,6072.8258689933045,2681.139340100832,-0.4968399063480906,-0.6690885315755744
40,0,0.75,0.55,3.0,2.5,0.5,SAS_seasonal_carbon,6080.590602332165,2684.523431124006,-0.3696148679280079,-0.5437146501079565
40,0,0.75,0.55,3.0,2.5,0.5,SAS_threshold_carbon,6071.579469042477,2680.828254379409,-0.5172621507073617,-0.6806136424833223
40,0,0.75,0.55,3.0,2.5,0.5,SAS_daily_morning,6095.057954550093,2691.546571335075,-0.13256752046135023,-0.28352119126676645
40,0,0.75,0.55,3.0,2.5,0.5,SAS_monthly_morning,6096.266107678808,2692.4665108611744,-0.11277194970442113,-0.24943925070643574
40,0,0.75,0.55,3.0,2.5,0.5,SAS_seasonal_morning,6109.445894235774,2697.3788085124193,0.10317865386448247,-0.06744833520108728
40,0,0.75,0.55,3.0,2.5,0.5,SAS_threshold_morning,6095.116196571583,2691.6162588835505,-0.13161322581937018,-0.28093940538024487
40,2,0.25,0.55,3.0,2.5,0.5,ST,5545.421263346821,2460.914635761391,0.0,0.0
40,2,0.25,0.55,3.0,2.5,0.5,DST,5545.539222601329,2462.515446735366,0.002127146864159134,0.06504943124448433
40,2,0.25,0.55,3.0,2.5,0.5,SAS_daily_energy,5521.015856784657,2447.1694462728697,-0.4401001367285598,-0.5585398732966826
40,2,0.25,0.55,3.0,2.5,0.5,SAS_monthly_energy,5522.018040425179,2447.3711760514784,-0.42202786425495503,-0.5503425235927447
40,2,0.25,0.55,3.0,2.5,0.5,SAS_seasonal_energy,5524.4898937133485,2449.824360232727,-0.3774531931743682,-0.4506566529168764
40,2,0.25,0.55,3.0,2.5,0.5,SAS_threshold_energy,5521.11866309181,2447.2249659044783,-0.43824624137470963,-0.5562838165118675
40,2,0.25,0.55,3.0,2.5,0.5,SAS_daily_carbon,5521.380252744557,2446.9944641540524,-0.43352902260404896,-0.5656503238695917
40,2,0.25,0.55,3.0,2.5,0.5,SAS_monthly_carbon,5522.041085825545,2447.1789892117113,-0.4216122889673015,-0.5581520931314169
40,2,0.25,0.55,3.0,2.5,0.5,SAS_seasonal_carbon,5524.864621686735,2449.3542471023793,-0.3706957629343438,-0.469759840143128
40,2,0.25,0.55,3.0,2.5,0.5,SAS_threshold_carbon,5521.42202672845,2447.0402133218054,-0.43277571673404736,-0.5637912927968276
40,2,0.25,0.55,3.0,2.5,0.5,SAS_daily_morning,5544.218842439499,2457.2897298255575,-0.021683130103568593,-0.1472991335480362
40,2,0.25,0.55,3.0,2.5,0.5,SAS_monthly_morning,5544.991357257126,2457.4683770741085,-0.007752451423972022,-0.14003974933555963
40,2,0.25,0.55,3.0,2.5,0.5,SAS_seasonal_morning,5555.4655635236995,2461.9530218655145,0.18112781157433785,0.042195128958725715
40,2,0.25,0.55,3.0,2.5,0.5,SAS_threshold_morning,5544.321648746652,2457.3452494571666,-0.019829234749718445,-0.14504307676320258
40,2,0.75,0.55,3.0,2.5,0.5,ST,5897.701002269742,2599.052642638375,0.0,0.0
40,2,0.75,0.55,3.0,2.5,0.5,DST,5902.953927449719,2603.497372401214,0.08906733620363862,0.17101345659266773
40,2,0.75,0.55,3.0,2.5,0.5,SAS_daily_energy,5862.837894253295,2578.700951889005,-0.5911304761470566,-0.7830426523685313
40,2,0.75,0.55,3.0,2.5,0.5,SAS_monthly_energy,5863.968390681673,2579.335551928291,-0.5719620505530472,-0.7586260619203385
40,2,0.75,0.55,3.0,2.5,0.5,SAS_seasonal_energy,5870.7084377703495,2583.3252856395125,-0.45767943286722423,-0.6051188321794486
40,2,0.75,0.55,3.0,2.5,0.5,SAS_threshold_energy,5862.946893752502,2578.761874728374,-0.5892823068491511,-0.7806986121451945
40,2,0.75,0.55,3.0,2.5,0.5,SAS_daily_carbon,5863.229833211452,2578.507401331364,-0.5844848534204021,-0.7904896180230898
40,2,0.75,0.55,3.0,2.5,0.5,SAS_monthly_carbon,5864.241133322645,2579.0129913069745,-0.5673374919179622,-0.7710367617278242
40,2,0.75,0.55,3.0,2.5,0.5,SAS_seasonal_carbon,5871.2428206484665,2582.238579647894,-0.4486185652865975,-0.6469304512975383
40,2,0.75,0.55,3.0,2.5,0.5,SAS_threshold_carbon,5863.234722234312,2578.542703385077,-0.5844019563244305,-0.7891313518173952
40,2,0.75,0.55,3.0,2.5,0.5,SAS_daily_morning,5885.934704499474,2588.7290719966027,-0.19950651560226912,-0.3972051382265371
40,2,0.75,0.55,3.0,2.5,0.5,SAS_monthly_morning,5886.655218532584,2589.063768976679,-0.1872896529157324,-0.3843274852469257
40,2,0.75,0.55,3.0,2.5,0.5,SAS_seasonal_morning,5900.831506971465,2595.0186828612905,0.05308008494357938,-0.15520885229124978
40,2,0.75,0.55,3.0,2.5,0.5,SAS_threshold_morning,5886.032848298217,2588.792455575501,-0.19784241295099542,-0.39476641967737386
40,4,0.25,0.55,3.0,2.5,0.5,ST,5285.111402568069,2339.1116028867973,0.0,0.0
40,4,0.25,0.55,3.0,2.5,0.5,DST,5286.895850420511,2341.5433341088947,0.03376367528553939,0.10395960667700788
40,4,0.25,0.55,3.0,2.5,0.5,SAS_daily_energy,5261.575585938341,2325.448183359834,-0.44532299959263083,-0.5841285858315128
40,4,0.25,0.55,3.0,2.5,0.5,SAS_monthly_energy,5261.948507103961,2325.839141689773,-0.4382669294890031,-0.5674146193214639
40,4,0.25,0.55,3.0,2.5,0.5,SAS_seasonal_energy,5265.944734004453,2328.866785748232,-0.3626540124452861,-0.43797897996495033
40,4,0.25,0.55,3.0,2.5,0.5,SAS_threshold_energy,5261.673292208866,2325.4949340770713,-0.44347429172097375,-0.5821299331302136
40,4,0.25,0.55,3.0,2.5,0.5,SAS_daily_carbon,5261.9382146438875,2325.2774133628927,-0.4384616739189556,-0.5914292206849475
40,4,0.25,0.55,3.0,2.5,0.5,SAS_monthly_carbon,5262.543952257308,2325.7361826100723,-0.4270004658708896,-0.5718162511022478
40,4,0.25,0.55,3.0,2.5,0.5,SAS_seasonal_carbon,5266.96170062208,2327.6124558438987,-0.3434119087285522,-0.4916031808275842
40,4,0.25,0.55,3.0,2.5,0.5,SAS_threshold_carbon,5261.943668549108,2325.319832063011,-0.43835848015811835,-0.5896157672325447
40,4,0.25,0.55,3.0,2.5,0.5,SAS_daily_morning,5283.55459807802,2334.9218568906963,-0.029456417688617797,-0.17911697718613623
40,4,0.25,0.55,3.0,2.5,0.5,SAS_monthly_morning,5283.565579337357,2335.1123120659636,-0.029248640434727222,-0.17097477588918913
40,4,0.25,0.55,3.0,2.5,0.5,SAS_seasonal_morning,5294.565234673626,2340.1454931871094,0.17887668556926417,0.04420012704978057
40,4,0.25,0.55,3.0,2.5,0.5,SAS_threshold_morning,5283.615412686704,2334.9918864681335,-0.028305739792694583,-0.1761231235644951
40,4,0.75,0.55,3.0,2.5,0.5,ST,5777.6259550746345,2536.878281983757,0.0,0.0
40,4,0.75,0.55,3.0,2.5,0.5,DST,5785.426614103219,2542.6992025274467,0.13501495405277048,0.22945210201956984
40,4,0.75,0.55,3.0,2.5,0.5,SAS_daily_energy,5741.3375858681175,2514.9404946492123,-0.6280844327529377,-0.8647552186614997
40,4,0.75,0.55,3.0,2.5,0.5,SAS_monthly_energy,5742.099705579905,2515.697381095336,-0.6148935526628476,-0.8349198713569462
40,4,0.75,0.55,3.0,2.5,0.5,SAS_seasonal_energy,5749.591019902073,2518.389365236716,-0.4852327822976833,-0.728805827159483
40,4,0.75,0.55,3.0,2.5,0.5,SAS_threshold_energy,5741.437421667612,2514.9834976228467,-0.6263564600480371,-0.8630601048698833
40,4,0.75,0.55,3.0,2.5,0.5,SAS_daily_carbon,5741.7417204976,2514.750520567194,-0.6210896111319988,-0.872243716764356
40,4,0.75,0.55,3.0,2.5,0.5,SAS_monthly_carbon,5742.318228315934,2515.330722864314,-0.6111113289999124,-0.8493729980057863
40,4,0.75,0.55,3.0,2.5,0.5,SAS_seasonal_carbon,5749.591019902073,2518.389365236716,-0.4852327822976833,-0.728805827159483
40,4,0.75,0.55,3.0,2.5,0.5,SAS_threshold_carbon,5741.700261356101,2514.784353981801,-0.6218071920522866,-0.8709100534645817
40,4,0.75,0.55,3.0,2.5,0.5,SAS_daily_morning,5763.135299756948,2524.325189567637,-0.2508063940165354,-0.4948243873294441
40,4,0.75,0.55,3.0,2.5,0.5,SAS_monthly_morning,5763.397406218659,2524.7941452618484,-0.2462698168177232,-0.47633884556965145
40,4,0.75,0.55,3.0,2.5,0.5,SAS_seasonal_morning,5776.5610282722955,2528.822451809267,-0.01843190976050652,-0.3175489431913377
40,4,0.75,0.55,3.0,2.5,0.5,SAS_threshold_morning,5763.201990618377,2524.3905307398595,-0.24965209877577318,-0.4922487346981611
50,0,0.25,0.55,3.0,2.5,0.5,ST,7237.24349370899,3230.7370345077225,0.0,0.0
50,0,0.25,0.55,3.0,2.5,0.5,DST,7230.616340878308,3229.260273062053,-0.09157012385230852,-0.04570973836298626
50,0,0.25,0.55,3.0,2.5,0.5,SAS_daily_energy,7212.191533508974,3218.253435633291,-0.34615334169414635,-0.38640095870055324
50,0,0.25,0.55,3.0,2.5,0.5,SAS_monthly_energy,7212.653129953797,3219.000115798136,-0.33977527184995376,-0.3632891994682214
50,0,0.25,0.55,3.0,2.5,0.5,SAS_seasonal_energy,7213.831611493931,3219.0492814616646,-0.3234917028204225,-0.36176738995530094
50,0,0.25,0.55,3.0,2.5,0.5,SAS_threshold_energy,7212.581516940902,3218.78910525144,-0.34076477860011417,-0.36982054338269266
50,0,0.25,0.55,3.0,2.5,0.5,SAS_daily_carbon,7212.769059489199,3217.290532398788,-0.33817342529742833,-0.4162054034516429
50,0,0.25,0.55,3.0,2.5,0.5,SAS_monthly_carbon,7213.282040030357,3217.5047135257355,-0.33108536004711764,-0.4095759215513871
50,0,0.25,0.55,3.0,2.5,0.5,SAS_seasonal_carbon,7215.927367713428,3218.42280081475,-0.29453376847264345,-0.381158650841684
50,0,0.25,0.55,3.0,2.5,0.5,SAS_threshold_carbon,7212.836500299871,3217.3494455589102,-0.33724156759870416,-0.41438188270411547
50,0,0.25,0.55,3.0,2.5,0.5,SAS_daily_morning,7239.903350083718,3228.675181873969,0.0367523405429096,-0.06381988418527017
50,0,0.25,0.55,3.0,2.5,0.5,SAS_monthly_morning,7243.298784180406,3229.8023182121137,0.0836684640592719,-0.02893198318603324
50,0,0.25,0.55,3.0,2.5,0.5,SAS_seasonal_morning,7249.47343778588,3232.438844199086,0.1689862181301644,0.05267558681459696
50,0,0.25,0.55,3.0,2.5,0.5,SAS_threshold_morning,7240.358577741694,3229.2338262728495,0.04304241021338355,-0.04652833761513644
50,0,0.75,0.55,3.0,2.5,0.5,ST,7337.167446702937,3265.6858251339154,0.0,0.0
50,0,0.75,0.55,3.0,2.5,0.5,DST,7332.501514129972,3265.2815153948295,-0.0635931046532389,-0.012380546100735067
50,0,0.75,0.55,3.0,2.5,0.5,SAS_daily_energy,7310.769383894391,3251.993782251863,-0.3597854758025021,-0.41927005888543256
50,0,0.75,0.55,3.0,2.5,0.5,SAS_monthly_energy,7311.735051712518,3253.109842070862,-0.3466241594615319,-0.3850947009741046
50,0,0.75,0.55,3.0,2.5,0.5,SAS_seasonal_energy,7315.0504016450395,3253.9873619373575,-0.30143846680010145,-0.35822377971947683
50,0,0.75,0.55,3.0,2.5,0.5,SAS_threshold_energy,7310.917793246315,3252.123988067789,-0.35776276945154545,-0.415282969407207
50,0,0.75,0.55,3.0,2.5,0.5,SAS_daily_carbon,7311.370059332011,3251.0237583053095,-0.35159872741514914,-0.44897358820500394
50,0,0.75,0.55,3.0,2.5,0.5,SAS_monthly_carbon,7312.1608503288835,3251.2369976173404,-0.340820848858923,-0.4424438935727219
50,0,0.75,0.55,3.0,2.5,0.5,SAS_seasonal_carbon,7315.465885225047,3252.9530919184226,-0.29577574228106407,-0.38989461623947375
50,0,0.75,0.55,3.0,2.5,0.5,SAS_threshold_carbon,7311.401127312568,3251.0656155178513,-0.3511752945197882,-0.4476918601153129
50,0,0.75,0.55,3.0,2.5,0.5,SAS_daily_morning,7338.461436136277,3262.3892451960633,0.017636089713637792,-0.1009460221948003
50,0,0.75,0.55,3.0,2.5,0.5,SAS_monthly_morning,7342.2999040633385,3263.878412646197,0.06995148192655568,-0.05534557163484487
50,0,0.75,0.55,3.0,2.5,0.5,SAS_seasonal_morning,7350.268736290587,3267.202129158145,0.17856059143828626,0.046431411514224065
50,0,0.75,0.55,3.0,2.5,0.5,SAS_threshold_morning,7338.67508971425,3262.5424257927193,0.020548025137283765,-0.0962554118648928
50,2,0.25,0.55,3.0,2.5,0.5,ST,6789.013608543412,3025.928909237231,0.0,0.0
50,2,0.25,0.55,3.0,2.5,0.5,DST,6784.559032730246,3025.415734731188,-0.06561447759598706,-0.016959238681267454
50,2,0.25,0.55,3.0,2.5,0.5,SAS_daily_energy,6763.712459158748,3012.772373487776,-0.3726778416355641,-0.4347932864282511
50,2,0.25,0.55,3.0,2.5,0.5,SAS_monthly_energy,6764.490677351152,3012.605584089839,-0.36121493645851954,-0.440305292920798
50,2,0.25,0.55,3.0,2.5,0.5,SAS_seasonal_energy,6767.245140959545,3013.610715835971,-0.32064256811141845,-0.4070879974627419
50,2,0.25,0.55,3.0,2.5,0.5,SAS_threshold_energy,6763.830598112872,3012.880754151489,-0.37093769261044407,-0.43121155443903864
50,2,0.25,0.55,3.0,2.5,0.5,SAS_daily_carbon,6764.144594580337,3012.074341777441,-0.3663126250296465,-0.4578616311009875
50,2,0.25,0.55,3.0,2.5,0.5,SAS_monthly_carbon,6764.783908532387,3012.3446581410844,-0.35689573490520915,-0.44892829618957675
50,2,0.25,0.55,3.0,2.5,0.5,SAS_seasonal_carbon,6767.245140959545,3013.610715835971,-0.32064256811141845,-0.4070879974627419
50,2,0.25,0.55,3.0,2.5,0.5,SAS_threshold_carbon,6764.192568079792,3012.1262660981483,-0.3656059907198443,-0.45614565156991693
50,2,0.25,0.55,3.0,2.5,0.5,SAS_daily_morning,6791.481342088162,3023.458983851395,0.036348926177495015,-0.08162536067176773
50,2,0.25,0.55,3.0,2.5,0.5,SAS_monthly_morning,6795.028571673902,3024.5901423056166,0.08859848392290809,-0.044243171990178916
50,2,0.25,0.55,3.0,2.5,0.5,SAS_seasonal_morning,6802.364142434419,3027.020750577297,0.19664909603665787,0.03608284836873913
50,2,0.25,0.55,3.0,2.5,0.5,SAS_threshold_morning,6791.657457243506,3023.587473680892,0.038943046111532216,-0.07737906694342388
50,2,0.75,0.55,3.0,2.5,0.5,ST,6955.55223143988,3087.55346131596,0.0,0.0
50,2,0.75,0.55,3.0,2.5,0.5,DST,6954.25188525854,3088.75186426726,-0.01869508182920099,0.0388139984073115
50,2,0.75,0.55,3.0,2.5,0.5,SAS_daily_energy,6925.639543627946,3071.3693306838377,-0.4300548226311262,-0.5241732923783673
50,2,0.75,0.55,3.0,2.5,0.5,SAS_monthly_energy,6926.18121875496,3071.245797795995,-0.42226715733884895,-0.5281742882927906
50,2,0.75,0.55,3.0,2.5,0.5,SAS_seasonal_energy,6931.437054786722,3074.0373751781617,-0.34670398338977454,-0.4377603920755216
50,2,0.75,0.55,3.0,2.5,0.5,SAS_threshold_energy,6925.755333356995,3071.449507186069,-0.4283901132709514,-0.521576527553543
50,2,0.75,0.55,3.0,2.5,0.5,SAS_daily_carbon,6926.110273306989,3070.6471328472335,-0.4232871403051247,-0.5475639104082296
50,2,0.75,0.55,3.0,2.5,0.5,SAS_monthly_carbon,6926.536611341493,3071.196963222814,-0.4171576768158475,-0.5297559474864809
50,2,0.75,0.55,3.0,2.5,0.5,SAS_seasonal_carbon,6931.4821599381485,3073.393537587159,-0.3460555064619098,-0.4586130703876409
50,2,0.75,0.55,3.0,2.5,0.5,SAS_threshold_carbon,6926.117489792359,3070.6835320054925,-0.4231833888684323,-0.5463850107158026
50,2,0.75,0.55,3.0,2.5,0.5,SAS_daily_morning,6953.390429586996,3082.0323565564922,-0.03108023318569475,-0.1788181104761952
50,2,0.75,0.55,3.0,2.5,0.5,SAS_monthly_morning,6956.719235811104,3083.2303858855294,0.01677802613498925,-0.14001621298527664
50,2,0.75,0.55,3.0,2.5,0.5,SAS_seasonal_morning,6965.8874686911295,3086.510041117168,0.14858974395350835,-0.03379440103191422
50,2,0.75,0.55,3.0,2.5,0.5,SAS_threshold_morning,6953.564195517265,3082.1326422245074,-0.028581999767455343,-0.17557004791560524
50,4,0.25,0.55,3.0,2.5,0.5,ST,6398.833467253725,2847.440708377851,0.0,0.0
50,4,0.25,0.55,3.0,2.5,0.5,DST,6396.243875543699,2847.781748932569,-0.040469746919941034,0.011977090645451183
50,4,0.25,0.55,3.0,2.5,0.5,SAS_daily_energy,6373.266201346485,2833.6205151014206,-0.3995613581456871,-0.4853549096129785
50,4,0.25,0.55,3.0,2.5,0.5,SAS_monthly_energy,6373.649331825171,2833.8980461802203,-0.3935738530692226,-0.4756082245289608
50,4,0.25,0.55,3.0,2.5,0.5,SAS_seasonal_energy,6376.523214801104,2834.879951612767,-0.34866124531595866,-0.44112443599360407
50,4,0.25,0.55,3.0,2.5,0.5,SAS_threshold_energy,6373.374318786113,2833.716289065954,-0.3978717151790281,-0.4819913992068988
50,4,0.25,0.55,3.0,2.5,0.5,SAS_daily_carbon,6373.619803012863,2833.218277304509,-0.3940353248743566,-0.4994812018911038
50,4,0.25,0.55,3.0,2.5,0.5,SAS_monthly_carbon,6374.148552481255,2833.718456658107,-0.3857721082881076,-0.4819152749825516
50,4,0.25,0.55,3.0,2.5,0.5,SAS_seasonal_carbon,6376.523214801104,2834.879951612767,-0.34866124531595866,-0.44112443599360407
50,4,0.25,0.55,3.0,2.5,0.5,SAS_threshold_carbon,6373.644658735481,2833.2630195110582,-0.3936468834069256,-0.49790988887244003
50,4,0.25,0.55,3.0,2.5,0.5,SAS_daily_morning,6400.947201103209,2844.5892225175617,0.03303311236808513,-0.1001420627267007
50,4,0.25,0.55,3.0,2.5,0.5,SAS_monthly_morning,6404.017993911146,2845.946845536306,0.08102299714397926,-0.05246335199008534
50,4,0.25,0.55,3.0,2.5,0.5,SAS_seasonal_morning,6410.643670976446,2848.086756504306,0.1845680745273344,0.022688729726803986
50,4,0.25,0.55,3.0,2.5,0.5,SAS_threshold_morning,6401.055318542838,2844.684996482095,0.03472275533475837,-0.09677855232062106
50,4,0.75,0.55,3.0,2.5,0.5,ST,6652.379104986744,2945.1407774273607,0.0,0.0
50,4,0.75,0.55,3.0,2.5,0.5,DST,6653.899886677474,2947.736619700502,0.022860718950751893,0.08813983674522217
50,4,0.75,0.55,3.0,2.5,0.5,SAS_daily_energy,6618.863689811511,2926.3322835837707,-0.5038109621580246,-0.6386280067745889
50,4,0.75,0.55,3.0,2.5,0.5,SAS_monthly_energy,6620.039524805702,2926.7994511503534,-0.48613555647782764,-0.622765689761995
50,4,0.75,0.55,3.0,2.5,0.5,SAS_seasonal_energy,6625.088371377245,2930.145989484979,-0.4102402039751746,-0.5091365430578809
50,4,0.75,0.55,3.0,2.5,0.5,SAS_threshold_energy,6618.9653395592,2926.4097669787757,-0.5022829411886062,-0.635997117426317
50,4,0.75,0.55,3.0,2.5,0.5,SAS_daily_carbon,6619.269701664172,2925.9117570474614,-0.49770770426706995,-0.6529066633173397
50,4,0.75,0.55,3.0,2.5,0.5,SAS_monthly_carbon,6621.095121787978,2926.485430209236,-0.470267594571012,-0.6334280303714628
50,4,0.75,0.55,3.0,2.5,0.5,SAS_seasonal_carbon,6625.751903983527,2929.6198467937998,-0.4002658384765969,-0.5270013152688344
50,4,0.75,0.55,3.0,2.5,0.5,SAS_threshold_carbon,6619.242820943488,2925.9405261348925,-0.498111781068162,-0.6519298309821386
50,4,0.75,0.55,3.0,2.5,0.5,SAS_daily_morning,6646.528742165983,2937.2757473568554,-0.0879439179341922,-0.2670510737817969
50,4,0.75,0.55,3.0,2.5,0.5,SAS_monthly_morning,6650.3737031723895,2938.832793822432,-0.03014563335470977,-0.21418275327534164
50,4,0.75,0.55,3.0,2.5,0.5,SAS_seasonal_morning,6658.681538783027,2942.5348514631337,0.09473954651138325,-0.08848222075493975
50,4,0.75,0.55,3.0,2.5,0.5,SAS_threshold_morning,6646.630391913672,2937.35323075186,-0.08641589696478745,-0.2644201844335405
