lat,ac_prevalence,T_star_energy,dE_at_w0,dE_at_w4
20,0.25,,0.09274940834315885,0.08920575636795078
20,0.5,,0.16101494309063502,0.14747619532023318
20,0.75,,0.21695713536559968,0.1911945579909073
20,1.0,,0.26363665567875455,0.2252069383310728
25,0.25,,0.08658905916657869,0.09106889206675314
25,0.5,,0.15536300750004142,0.1557786208089508
25,0.75,,0.21507994524758323,0.2071664019362848
25,1.0,,0.26741845416251797,0.24896221740025576
30,0.25,,0.05760297576939857,0.08814087915537548
30,0.5,,0.11853584035122923,0.15572792498002014
30,0.75,,0.17391701759571096,0.21252406012622221
30,1.0,,0.2244721829985035,0.2609225381427295
35,0.25,,0.011635965725331805,0.07066165887472933
35,0.5,,0.059555206465754844,0.13337798720720873
35,0.75,,0.10456562079218755,0.1886433965953488
35,1.0,,0.14692426698659034,0.23771122913636394
40,0.25,1.75,-0.0327872669079327,0.03376367528553939
40,0.5,,0.0027629525498343646,0.08664317493180011
40,0.75,,0.03691984325543701,0.13501495405277048
40,1.0,,0.06976374446034671,0.17943184158093547
45,0.25,,-0.06471197447988161,-0.006351225786352871
45,0.5,2.0,-0.04012287489008611,0.035787242909648964
45,0.75,0.5,-0.016136001994399508,0.07543605421506425
45,1.0,,0.007270500809531342,0.11280952081338283
50,0.25,,-0.09157012385230852,-0.040469746919941034
50,0.5,,-0.0774857073114083,-0.008189354156791784
50,0.75,2.75,-0.0635931046532389,0.022860718950751893
50,1.0,1.75,-0.04988842394627003,0.05274949479337998
