max_shift,threshold,dE_pct,n_changes,mean_abs_shift,max_abs_shift,mean_abs_daystep
0.5,0.0,-0.11741701568247799,4,0.3952054794520548,0.5,0.004120879120879121
0.5,0.0005,-0.11515071708341035,4,0.33287671232876714,0.5,0.004120879120879121
0.5,0.001,-0.07783495707084553,2,0.08767123287671233,0.25,0.0013736263736263737
0.5,0.002,-0.07300221993619622,2,0.07808219178082192,0.25,0.0013736263736263737
0.5,0.005,0.0,0,0.0,0.0,0.0
1.0,0.0,-0.3116909038958339,4,0.8794520547945206,1.0,0.009615384615384616
1.0,0.0005,-0.3112453174687505,4,0.8486301369863014,1.0,0.009615384615384616
1.0,0.001,-0.3097683058761839,4,0.826027397260274,1.0,0.009615384615384616
1.0,0.002,-0.30277983236189043,4,0.773972602739726,1.0,0.009615384615384616
1.0,0.005,0.0,0,0.0,0.0,0.0
1.5,0.0,-0.4152541476729097,8,1.319178082191781,1.5,0.01510989010989011
1.5,0.0005,-0.41480856124582627,8,1.284931506849315,1.5,0.01510989010989011
1.5,0.001,-0.4133315496532597,7,1.2582191780821919,1.5,0.01510989010989011
1.5,0.002,-0.40739602396211305,7,1.2006849315068493,1.5,0.01510989010989011
1.5,0.005,-0.15535103604247785,2,0.3458904109589041,1.25,0.006868131868131868
2.0,0.0,-0.5167882634101333,8,1.7376712328767123,2.0,0.020604395604395604
2.0,0.0005,-0.5163426769830658,8,1.7034246575342467,2.0,0.020604395604395604
2.0,0.001,-0.5148656653904833,7,1.6767123287671233,2.0,0.020604395604395604
2.0,0.002,-0.5088567585697791,7,1.6164383561643836,2.0,0.020604395604395604
2.0,0.005,-0.38994695797083817,6,1.143150684931507,2.0,0.03159340659340659
3.0,0.0,-0.5863352675403631,14,2.2267123287671233,3.0,0.03159340659340659
3.0,0.0005,-0.5858896811132798,14,2.1924657534246577,3.0,0.03159340659340659
3.0,0.001,-0.5844126695206973,13,2.165753424657534,3.0,0.03159340659340659
3.0,0.002,-0.5784037627000089,13,2.1054794520547944,3.0,0.03159340659340659
3.0,0.005,-0.4605175083318794,10,1.5883561643835618,3.0,0.04395604395604396
